Workbook

Sheet Sheet1
A1: Date: | B1: 2025-04-01 to 2025-04-18
A2: Name: | B2: Item Wise: Sales Report
A3: Restaurant Name: | B3: Lá gioia
A6: Category | B6: Item | C6: Code | D6: Sap Code | E6: Qty. | F6: Total (₹)
A7: Total | E7: 3585 | F7: 1346595
A8: Min. | E8: 1 | F8: 0
A9: Max. | E9: 128 | F9: 49600
A10: Avg. | E10: 11.49 | F10: 4316.01
A11: To Share | B11: Frittini Veg | C11: 7 [U] | E11: 39 | F11: 12675
B12: Frittini Non Veg | C12: 8 [U] | E12: 21 | F12: 12075
B13: Tagliere Di Formaggi | C13: 9 [U] | E13: 20 | F13: 18900
B14: Tagliere Di Salumi | C14: 10 [U] | E14: 34 | F14: 32130
A15: Sub Total | E15: 114 | F15: 75780
A16: Bruschette | B16: Bruschetta Alle Melanzane | C16: 11 [U] | E16: 18 | F16: 5310
B17: Bruschetta Alla Stracciatella | C17: 12 [U] | E17: 67 | F17: 23450
B18: Bruschetta Alla Nduja | C18: 13 [U] | E18: 12 | F18: 4200
B19: Bruschetta Con Pate' Di Olive | C19: 14 [U] | E19: 20 | F19: 5900
A20: Sub Total | E20: 117 | F20: 38860
A21: Zuppe (Soups) | B21: Vellutata Di Zucca Con Funghi | C21: 15 [U] | E21: 30 | F21: 9100
B22: Minestrone Con Polpette | C22: 16 [U] | E22: 15 | F22: 5475
A23: Sub Total | E23: 45 | F23: 14575
A24: Salads | B24: Insalata Mista Con Mozzarella Salad | C24: 17 [U] | E24: 24 | F24: 7150
B25: Insalata Mista Con Pollo Salad | C25: 18 [U] | E25: 19 | F25: 3450
A26: Sub Total | E26: 43 | F26: 10600
A27: Primi (Mains) | B27: Foglie Di Ulivo Pugliesi | C27: 19 [U] | E27: 64 | F27: 31680
B28: Cannelloni Ricotta E Spinaci | C28: 20 [U] | E28: 49 | F28: 28560
B29: Orecchiette Alla Barese | C29: 21 [U] | E29: 20 | F29: 7900
B30: Risotto Meneghino | C30: 22 [U] | E30: 24 | F30: 11880
B31: Gnocchi Su Crema Di Zucca | C31: 23 [U] | E31: 18 | F31: 10710
B32: Gnocchi Al Pesto Di Basilico | C32: 24 [U] | E32: 46 | F32: 22275
B33: Ravioli Al Pesto Al Pistacchio | C33: 25 [U] | E33: 65 | F33: 49600
B34: Fettuccine Al Ragu' | C34: 26 [U] | E34: 64 | F34: 28210
B35: Lasagna Alla Bolognese | C35: 27 [U] | E35: 20 | F35: 8190
B36: Bucatini Amatriciana | C36: 29 [U] | E36: 15 | F36: 14250
B37: Ravioli Con Tonno E Pomodorini | C37: 30 [U] | E37: 11 | F37: 9405
B38: Bigoli Neri Ai Gamberi | C38: 31 [U] | E38: 15 | F38: 7630
B39: Lasagna Alla Bolognese Chicken | C39: Lasagna Alla Bologne | E39: 6 | F39: 2730
A40: Sub Total | E40: 417 | F40: 233020
A41: Dolci (Desserts) | B41: Tiramisu | C41: 40 [U] | E41: 116 | F41: 41580
B42: Pasticciotto | C42: 41 [U] | E42: 28 | F42: 6075
B43: Torta Mimosa | C43: 42 [U] | E43: 11 | F43: 1575
B44: Cupola Di Cioccolato | C44: 44 [U] | E44: 38 | F44: 10620
A45: Sub Total | E45: 193 | F45: 59850
A46: Pucce (Salento) | B46: Puccia Sole Della Puglia | C46: 45 [U] | E46: 29 | F46: 12180
B47: Profumo Di Liguria | C47: 46 [U] | E47: 46 | F47: 24725
B48: Puccia Estate Salentina | C48: 47 [U] | E48: 14 | F48: 7735
B49: Puccia Della Gioia | C49: 48 [U] | E49: 39 | F49: 17460
B50: Puccia Ghiotta Bologna | C50: 49 [U] | E50: 6 | F50: 4530
B51: Puccia Fuoco Di Calabria | C51: 50 [U] | E51: 6 | F51: 3870
B52: Puccia Mediterranea | C52: 51 [U] | E52: 1 | F52: 855
A53: Sub Total | E53: 141 | F53: 71355
A54: Pizza (Napoli) | B54: Margherita Pizza | C54: 52 [U] | E54: 77 | F54: 27000
B55: La Campagnola Pizza | C55: 53 [U] | E55: 71 | F55: 33725
B56: 4 Formaggi Pizza | C56: 54 [U] | E56: 6 | F56: 4475
B57: Sole Del Sud Pizza | C57: 55 [U] | E57: 50 | F57: 34750
B58: Ai Funghi Pizza | C58: 56 [U] | E58: 43 | F58: 17850
B59: Primavera Pizza | C59: 57 [U] | E59: 10 | F59: 6950
B60: Rusticana Pizza | C60: 58 [U] | E60: 46 | F60: 19800
B61: Bologna Pizza | C61: 59 [U] | E61: 13 | F61: 5370
B62: Capricciosa Pizza | C62: 60 [U] | E62: 5 | F62: 3375
B63: La Gioia Pizza | C63: 61 [U] | E63: 7 | F63: 6265
B64: Alla Diavola Pizza | C64: 62 [U] | E64: 18 | F64: 11475
A65: Sub Total | E65: 346 | F65: 171035
A66: Antipasti Starters (Appetizers) | B66: Melanzane In Agrodolce | C66: 1 [U] | E66: 15 | F66: 4725
B67: Burrata Alla Salentina | C67: 2 [U] | E67: 52 | F67: 35100
B68: Vitello Tonnato | C68: 3 [U] | E68: 8 | F68: 5400
B69: Tartare Di Tonno | C69: 4 [U] | E69: 7 | F69: 6265
B70: Insalata Di Mare | C70: 5 [U] | E70: 8 | F70: 4760
B71: Frittura Di Pesce | C71: 6 [U] | E71: 29 | F71: 15260
A72: Sub Total | E72: 119 | F72: 71510
A73: Secondi (Meat Or Fish) | B73: Pollo Alla Cacciatora | C73: 32 [U] | E73: 16 | F73: 7875
B74: Pollo Alla Diavola | C74: 33 [U] | E74: 21 | F74: 8925
B75: Tagliata Di Manzo | C75: 34 [U] | E75: 20 | F75: 13900
B76: Filetto Al Pepe Verde | C76: 35 [U] | E76: 17 | F76: 9775
B77: Stinco Di Maiale Al Forno | C77: 36 [U] | E77: 6 | F77: 5370
B78: Costolette Scottadito | C78: 37 [U] | E78: 11 | F78: 9845
B79: Filetto Di Tonno Scottato | C79: 38 [U] | E79: 5 | F79: 5975
B80: Dentice Gratinato | C80: 39 [U] | E80: 11 | F80: 5995
A81: Sub Total | E81: 107 | F81: 67660
A82: Beer On Taps | B82: Geist Repeat Beer | C82: geist repeat beer | E82: 6 | F82: 700
B83: Toit Basmati Blonde | C83: toit basmati blonde | E83: 13 | F83: 3825
B84: Geist Witty Wheat | C84: P-5 | E84: 25 | F84: 8075
B85: Toit Tint-in-wit | C85: tini-in-wit | E85: 3 | F85: 425
A86: Sub Total | E86: 47 | F86: 13025
A87: Bottle Beer | B87: Kingfisher Premium Beer | C87: P-7 | E87: 13 | F87: 3835
B88: Kingfisher Uitra Beer | C88: P-8 | E88: 20 | F88: 7000
B89: Budweiser Premium Beer | C89: P-9 | E89: 19 | F89: 7315
B90: Hoegarden Beer | C90: P-11 | E90: 4 | F90: 1980
A91: Sub Total | E91: 56 | F91: 20130
A92: Gin | B92: Bombay Sapphire Gin (30ML) | C92: P-13 | E92: 6 | F92: 2550
B93: Burnett Gin (30ML) | C93: P-18 | E93: 1 | F93: 325
A94: Sub Total | E94: 7 | F94: 2875
A95: Vodka | B95: Absolut Vodka (30ML) | C95: P-20 | E95: 1 | F95: 395
B96: Grey Goose Vodka (30ML) | C96: P-21 | E96: 1 | F96: 750
B97: Smirnoff Vodka (30ML) | C97: P-25 | E97: 4 | F97: 900
A98: Sub Total | E98: 6 | F98: 2045
A99: Rum | B99: Old Monk Dark Rum (30ML) | C99: P-28 | E99: 40 | F99: 0
A100: Sub Total | E100: 40 | F100: 0
A101: Single Malt | B101: Talisker Single Malt (30ML) | C101: P-38 | E101: 1 | F101: 735
B102: Laphroaig 12 Yo Single Malt (30ML) | C102: P-40 | E102: 2 | F102: 1730
...

Sheet raw_material_final
A1: Items from recipe | B1: Department | C1: RawMaterial | D1: Qty | E1: Unit | F1: Area
A2: Frittini Veg | B2: =_xlfn.XLOOKUP(A2,[1]Table0!$A:$A,[1]Table0!$B:$B) -> Italian 1 | C2: =_xlfn.XLOOKUP($E2,raw_materials!$B:$B,raw_materials!#REF!) -> Pittula | D2: =_xlfn.XLOOKUP($E2,raw_materials!$B:$B,raw_materials!A:A) -> 120 | E2: =_xlfn.XLOOKUP($E2,raw_materials!$B:$B,raw_materials!B:B) -> GM | F2: =_xlfn.XLOOKUP($E2,raw_materials!$B:$B,raw_materials!C:C) -> All
A3: Frittini Non Veg | B3: =_xlfn.XLOOKUP(A3,[1]Table0!$A:$A,[1]Table0!$B:$B) -> Italian 1 | C3: =_xlfn.XLOOKUP($E3,raw_materials!$B:$B,raw_materials!#REF!) -> Crocchette Di Patate | D3: =_xlfn.XLOOKUP($E3,raw_materials!$B:$B,raw_materials!A:A) -> 150 | E3: =_xlfn.XLOOKUP($E3,raw_materials!$B:$B,raw_materials!B:B) -> GM | F3: =_xlfn.XLOOKUP($E3,raw_materials!$B:$B,raw_materials!C:C) -> All
A4: Tagliere Di Formaggi | B4: =_xlfn.XLOOKUP(A4,[1]Table0!$A:$A,[1]Table0!$B:$B) -> Italian 1 | C4: =_xlfn.XLOOKUP($E4,raw_materials!$B:$B,raw_materials!#REF!) -> Grana Padano | D4: =_xlfn.XLOOKUP($E4,raw_materials!$B:$B,raw_materials!A:A) -> 30 | E4: =_xlfn.XLOOKUP($E4,raw_materials!$B:$B,raw_materials!B:B) -> GM | F4: =_xlfn.XLOOKUP($E4,raw_materials!$B:$B,raw_materials!C:C) -> All
A5: Tagliere Di Salumi | B5: =_xlfn.XLOOKUP(A5,[1]Table0!$A:$A,[1]Table0!$B:$B) -> Italian 1 | C5: =_xlfn.XLOOKUP($E5,raw_materials!$B:$B,raw_materials!#REF!) -> Cooked Ham | D5: =_xlfn.XLOOKUP($E5,raw_materials!$B:$B,raw_materials!A:A) -> 30 | E5: =_xlfn.XLOOKUP($E5,raw_materials!$B:$B,raw_materials!B:B) -> GM | F5: =_xlfn.XLOOKUP($E5,raw_materials!$B:$B,raw_materials!C:C) -> All
A6: Bruschetta Alle Melanzane | B6: =_xlfn.XLOOKUP(A6,[1]Table0!$A:$A,[1]Table0!$B:$B) -> Pizza 1 | C6: =_xlfn.XLOOKUP($E6,raw_materials!$B:$B,raw_materials!#REF!) -> Impasto Bruschetta | D6: =_xlfn.XLOOKUP($E6,raw_materials!$B:$B,raw_materials!A:A) -> 100 | E6: =_xlfn.XLOOKUP($E6,raw_materials!$B:$B,raw_materials!B:B) -> GM | F6: =_xlfn.XLOOKUP($E6,raw_materials!$B:$B,raw_materials!C:C) -> All
A7: Bruschetta Alla Stracciatella | B7: =_xlfn.XLOOKUP(A7,[1]Table0!$A:$A,[1]Table0!$B:$B) -> Pizza 1 | C7: =_xlfn.XLOOKUP($E7,raw_materials!$B:$B,raw_materials!#REF!) -> Impasto Bruschetta | D7: =_xlfn.XLOOKUP($E7,raw_materials!$B:$B,raw_materials!A:A) -> 100 | E7: =_xlfn.XLOOKUP($E7,raw_materials!$B:$B,raw_materials!B:B) -> GM | F7: =_xlfn.XLOOKUP($E7,raw_materials!$B:$B,raw_materials!C:C) -> All
A8: Bruschetta Alla Nduja | B8: =_xlfn.XLOOKUP(A8,[1]Table0!$A:$A,[1]Table0!$B:$B) -> Pizza 1 | C8: =_xlfn.XLOOKUP($E8,raw_materials!$B:$B,raw_materials!#REF!) -> Impasto Bruschetta | D8: =_xlfn.XLOOKUP($E8,raw_materials!$B:$B,raw_materials!A:A) -> 100 | E8: =_xlfn.XLOOKUP($E8,raw_materials!$B:$B,raw_materials!B:B) -> GM | F8: =_xlfn.XLOOKUP($E8,raw_materials!$B:$B,raw_materials!C:C) -> All
A9: Bruschetta Con Pate' Di Olive | B9: =_xlfn.XLOOKUP(A9,[1]Table0!$A:$A,[1]Table0!$B:$B) -> Pizza 1 | C9: =_xlfn.XLOOKUP($E9,raw_materials!$B:$B,raw_materials!#REF!) -> Impasto Bruschetta | D9: =_xlfn.XLOOKUP($E9,raw_materials!$B:$B,raw_materials!A:A) -> 100 | E9: =_xlfn.XLOOKUP($E9,raw_materials!$B:$B,raw_materials!B:B) -> GM | F9: =_xlfn.XLOOKUP($E9,raw_materials!$B:$B,raw_materials!C:C) -> All
A10: Vellutata Di Zucca Con Funghi | B10: =_xlfn.XLOOKUP(A10,[1]Table0!$A:$A,[1]Table0!$B:$B) -> Italian 1 | C10: =_xlfn.XLOOKUP($E10,raw_materials!$B:$B,raw_materials!#REF!) -> Crema Di Zucca | D10: =_xlfn.XLOOKUP($E10,raw_materials!$B:$B,raw_materials!A:A) -> 200 | E10: =_xlfn.XLOOKUP($E10,raw_materials!$B:$B,raw_materials!B:B) -> GM | F10: =_xlfn.XLOOKUP($E10,raw_materials!$B:$B,raw_materials!C:C) -> All
A11: Minestrone Con Polpette | B11: =_xlfn.XLOOKUP(A11,[1]Table0!$A:$A,[1]Table0!$B:$B) -> Italian 1 | C11: =_xlfn.XLOOKUP($E11,raw_materials!$B:$B,raw_materials!#REF!) -> Minestrone | D11: =_xlfn.XLOOKUP($E11,raw_materials!$B:$B,raw_materials!A:A) -> 250 | E11: =_xlfn.XLOOKUP($E11,raw_materials!$B:$B,raw_materials!B:B) -> GM | F11: =_xlfn.XLOOKUP($E11,raw_materials!$B:$B,raw_materials!C:C) -> All
A12: Insalata Mista Con Mozzarella Salad | B12: =_xlfn.XLOOKUP(A12,[1]Table0!$A:$A,[1]Table0!$B:$B) -> Italian 1 | C12: =_xlfn.XLOOKUP($E12,raw_materials!$B:$B,raw_materials!#REF!) -> Kalamata Pitted Olives 3.6 Kg | D12: =_xlfn.XLOOKUP($E12,raw_materials!$B:$B,raw_materials!A:A) -> 15 | E12: =_xlfn.XLOOKUP($E12,raw_materials!$B:$B,raw_materials!B:B) -> GM | F12: =_xlfn.XLOOKUP($E12,raw_materials!$B:$B,raw_materials!C:C) -> All
A13: Insalata Mista Con Pollo Salad | B13: =_xlfn.XLOOKUP(A13,[1]Table0!$A:$A,[1]Table0!$B:$B) -> Italian 1 | C13: =_xlfn.XLOOKUP($E13,raw_materials!$B:$B,raw_materials!#REF!) -> Grill Chicken Italian | D13: =_xlfn.XLOOKUP($E13,raw_materials!$B:$B,raw_materials!A:A) -> 80 | E13: =_xlfn.XLOOKUP($E13,raw_materials!$B:$B,raw_materials!B:B) -> GM | F13: =_xlfn.XLOOKUP($E13,raw_materials!$B:$B,raw_materials!C:C) -> All
... A308: Caramelized Chicken Pizza Half | B308: =_xlfn.XLOOKUP(A308,[1]Table0!$A:$A,[1]Table0!$B:$B) -> Pizza 1 | C308: =_xlfn.XLOOKUP($E308,raw_materials!$B:$B,raw_materials!#REF!) -> Impasto Pizza | D308: =_xlfn.XLOOKUP($E308,raw_materials!$B:$B,raw_materials!A:A) -> 140 | E308: =_xlfn.XLOOKUP($E308,raw_materials!$B:$B,raw_materials!B:B) -> GM | F308: =_xlfn.XLOOKUP($E308,raw_materials!$B:$B,raw_materials!C:C) -> All
A309: Frittini Veg | B309: =_xlfn.XLOOKUP(A309,[1]Table0!$A:$A,[1]Table0!$B:$B) -> Italian 1
A310: Frittini Non Veg | B310: =_xlfn.XLOOKUP(A310,[1]Table0!$A:$A,[1]Table0!$B:$B) -> Italian 1
A311: Tagliere Di Formaggi | B311: =_xlfn.XLOOKUP(A311,[1]Table0!$A:$A,[1]Table0!$B:$B) -> Italian 1
A312: Tagliere Di Salumi | B312: =_xlfn.XLOOKUP(A312,[1]Table0!$A:$A,[1]Table0!$B:$B) -> Italian 1
A313: Bruschetta Alle Melanzane | B313: =_xlfn.XLOOKUP(A313,[1]Table0!$A:$A,[1]Table0!$B:$B) -> Pizza 1
A314: Bruschetta Alla Stracciatella | B314: =_xlfn.XLOOKUP(A314,[1]Table0!$A:$A,[1]Table0!$B:$B) -> Pizza 1
A315: Bruschetta Alla Nduja | B315: =_xlfn.XLOOKUP(A315,[1]Table0!$A:$A,[1]Table0!$B:$B) -> Pizza 1
A316: Bruschetta Con Pate' Di Olive | B316: =_xlfn.XLOOKUP(A316,[1]Table0!$A:$A,[1]Table0!$B:$B) -> Pizza 1
A317: Vellutata Di Zucca Con Funghi | B317: =_xlfn.XLOOKUP(A317,[1]Table0!$A:$A,[1]Table0!$B:$B) -> Italian 1
A318: Minestrone Con Polpette | B318: =_xlfn.XLOOKUP(A318,[1]Table0!$A:$A,[1]Table0!$B:$B) -> Italian 1
A319: Insalata Mista Con Mozzarella Salad | B319: =_xlfn.XLOOKUP(A319,[1]Table0!$A:$A,[1]Table0!$B:$B) -> Italian 1
A320: Insalata Mista Con Pollo Salad | B320: =_xlfn.XLOOKUP(A320,[1]Table0!$A:$A,[1]Table0!$B:$B) -> Italian 1
... A2457: Caramelized Chicken Pizza Half | B2457: =_xlfn.XLOOKUP(A2457,[1]Table0!$A:$A,[1]Table0!$B:$B) -> Pizza 1

Sheet worklog
A1: id | B1: Item | C1: orginal item name | D1: Qty. | E1: Total (₹) | F1: Items from recipe | G1: Department | H1: RawMaterial | I1: Qty | J1: Unit | K1: Area | L1: RawMaterial | M1: Qty | N1: Unit | O1: Area | P1: RawMaterial | Q1: Qty | R1: Unit | S1: Area | T1: RawMaterial | U1: Qty | V1: Unit | W1: Area | X1: RawMaterial | Y1: Qty | Z1: Unit | AA1: Area | AB1: RawMaterial | AC1: Qty | AD1: Unit | AE1: Area | AF1: RawMaterial | AG1: Qty | AH1: Unit | AI1: Area | AJ1: RawMaterial | AK1: Qty | AL1: Unit | AM1: Area | AN1: RawMaterial | AO1: Qty | AP1: Unit | AQ1: Area | AR1: RawMaterial | AS1: Qty | AT1: Unit | AU1: Area | AV1: RawMaterial | AW1: Qty | AX1: Unit | AY1: Area | AZ1: RawMaterial | BA1: Qty | BB1: Unit | BC1: Area | BD1: RawMaterial | BE1: Qty | BF1: Unit | BG1: Area | BH1: RawMaterial | BI1: Qty | BJ1: Unit | BK1: Area | BL1: RawMaterial | BM1: Qty | BN1: Unit | BO1: Area
A2: 1 | B2: Frittini Veg | C2: Frittini Veg | D2: 39 | E2: 12675 | F2: Frittini Veg | G2: =_xlfn.XLOOKUP(F2,[1]Table0!$A:$A,[1]Table0!$B:$B) -> Italian 1 | H2: =_xlfn.XLOOKUP($F2,raw_materials!$B:$B,raw_materials!D:D) -> Pittula | I2: =_xlfn.XLOOKUP($F2,raw_materials!$B:$B,raw_materials!E:E) -> 120 | J2: =_xlfn.XLOOKUP($F2,raw_materials!$B:$B,raw_materials!F:F) -> GM | K2: =_xlfn.XLOOKUP($F2,raw_materials!$B:$B,raw_materials!G:G) -> All | L2: =_xlfn.XLOOKUP($F2,raw_materials!$B:$B,raw_materials!H:H) -> Polpetta Di Melanzane | M2: =_xlfn.XLOOKUP($F2,raw_materials!$B:$B,raw_materials!I:I) -> 150 | N2: =_xlfn.XLOOKUP($F2,raw_materials!$B:$B,raw_materials!J:J) -> GM | O2: =_xlfn.XLOOKUP($F2,raw_materials!$B:$B,raw_materials!K:K) -> All | P2: =_xlfn.XLOOKUP($F2,raw_materials!$B:$B,raw_materials!L:L) -> Zucchini Green | Q2: =_xlfn.XLOOKUP($F2,raw_materials!$B:$B,raw_materials!M:M) -> 25 | R2: =_xlfn.XLOOKUP($F2,raw_materials!$B:$B,raw_materials!N:N) -> GM | S2: =_xlfn.XLOOKUP($F2,raw_materials!$B:$B,raw_materials!O:O) -> All | T2: =_xlfn.XLOOKUP($F2,raw_materials!$B:$B,raw_materials!P:P) -> Crema Di Cavolfiore | U2: =_xlfn.XLOOKUP($F2,raw_materials!$B:$B,raw_materials!Q:Q) -> 50 | V2: =_xlfn.XLOOKUP($F2,raw_materials!$B:$B,raw_materials!R:R) -> GM | W2: =_xlfn.XLOOKUP($F2,raw_materials!$B:$B,raw_materials!S:S) -> All | X2: =_xlfn.XLOOKUP($F2,raw_materials!$B:$B,raw_materials!T:T) -> Gazpacho Di Peperone | Y2: =_xlfn.XLOOKUP($F2,raw_materials!$B:$B,raw_materials!U:U) -> 50 | Z2: =_xlfn.XLOOKUP($F2,raw_materials!$B:$B,raw_materials!V:V) -> GM | AA2: =_xlfn.XLOOKUP($F2,raw_materials!$B:$B,raw_materials!W:W) -> All | AB2: =_xlfn.XLOOKUP($F2,raw_materials!$B:$B,raw_materials!X:X) -> Zucchini Yellow | AC2: =_xlfn.XLOOKUP($F2,raw_materials!$B:$B,raw_materials!Y:Y) -> 25 | AD2: =_xlfn.XLOOKUP($F2,raw_materials!$B:$B,raw_materials!Z:Z) -> GM | AE2: =_xlfn.XLOOKUP($F2,raw_materials!$B:$B,raw_materials!AA:AA) -> All | AF2: =_xlfn.XLOOKUP($F2,raw_materials!$B:$B,raw_materials!AB:AB) -> Eggplant | AG2: =_xlfn.XLOOKUP($F2,raw_materials!$B:$B,raw_materials!AC:AC) -> 50 | AH2: =_xlfn.XLOOKUP($F2,raw_materials!$B:$B,raw_materials!AD:AD) -> GM | AI2: =_xlfn.XLOOKUP($F2,raw_materials!$B:$B,raw_materials!AE:AE) -> All | AJ2: =_xlfn.XLOOKUP($F2,raw_materials!$B:$B,raw_materials!AF:AF) -> Capsicum Red | AK2: =_xlfn.XLOOKUP($F2,raw_materials!$B:$B,raw_materials!AG:AG) -> 30 | AL2: =_xlfn.XLOOKUP($F2,raw_materials!$B:$B,raw_materials!AH:AH) -> GM | AM2: =_xlfn.XLOOKUP($F2,raw_materials!$B:$B,raw_materials!AI:AI) -> All | AN2: =_xlfn.XLOOKUP($F2,raw_materials!$B:$B,raw_materials!AJ:AJ) -> Capsicum Yellow | AO2: =_xlfn.XLOOKUP($F2,raw_materials!$B:$B,raw_materials!AK:AK) -> 30 | AP2: =_xlfn.XLOOKUP($F2,raw_materials!$B:$B,raw_materials!AL:AL) -> GM | AQ2: =_xlfn.XLOOKUP($F2,raw_materials!$B:$B,raw_materials!AM:AM) -> All | AR2: =_xlfn.XLOOKUP($F2,raw_materials!$B:$B,raw_materials!AN:AN) -> Rava Sooji | AS2: =_xlfn.XLOOKUP($F2,raw_materials!$B:$B,raw_materials!AO:AO) -> 30 | AT2: =_xlfn.XLOOKUP($F2,raw_materials!$B:$B,raw_materials!AP:AP) -> GM | AU2: =_xlfn.XLOOKUP($F2,raw_materials!$B:$B,raw_materials!AQ:AQ) -> All | AV2: =_xlfn.XLOOKUP($F2,raw_materials!$B:$B,raw_materials!AR:AR) -> Table Salt | AW2: =_xlfn.XLOOKUP($F2,raw_materials!$B:$B,raw_materials!AS:AS) -> 5 | AX2: =_xlfn.XLOOKUP($F2,raw_materials!$B:$B,raw_materials!AT:AT) -> GM | AY2: =_xlfn.XLOOKUP($F2,raw_materials!$B:$B,raw_materials!AU:AU) -> All | AZ2: =_xlfn.XLOOKUP($F2,raw_materials!$B:$B,raw_materials!AV:AV) -> 0 | BA2: =_xlfn.XLOOKUP($F2,raw_materials!$B:$B,raw_materials!AW:AW) -> 0 | BB2: =_xlfn.XLOOKUP($F2,raw_materials!$B:$B,raw_materials!AX:AX) -> 0 | BC2: =_xlfn.XLOOKUP($F2,raw_materials!$B:$B,raw_materials!AY:AY) -> 0 | BD2: =_xlfn.XLOOKUP($F2,raw_materials!$B:$B,raw_materials!AZ:AZ) -> 0 | BE2: =_xlfn.XLOOKUP($F2,raw_materials!$B:$B,raw_materials!BA:BA) -> 0 | BF2: =_xlfn.XLOOKUP($F2,raw_materials!$B:$B,raw_materials!BB:BB) -> 0 | BG2: =_xlfn.XLOOKUP($F2,raw_materials!$B:$B,raw_materials!BC:BC) -> 0 | BH2: =_xlfn.XLOOKUP($F2,raw_materials!$B:$B,raw_materials!BD:BD) -> 0 | BI2: =_xlfn.XLOOKUP($F2,raw_materials!$B:$B,raw_materials!BE:BE) -> 0 | BJ2: =_xlfn.XLOOKUP($F2,raw_materials!$B:$B,raw_materials!BF:BF) -> 0 | BK2: =_xlfn.XLOOKUP($F2,raw_materials!$B:$B,raw_materials!BG:BG) -> 0 | BL2: =_xlfn.XLOOKUP($F2,raw_materials!$B:$B,raw_materials!BH:BH) -> 0 | BM2: =_xlfn.XLOOKUP($F2,raw_materials!$B:$B,raw_materials!BI:BI) -> 0 | BN2: =_xlfn.XLOOKUP($F2,raw_materials!$B:$B,raw_materials!BJ:BJ) -> 0 | BO2: =_xlfn.XLOOKUP($F2,raw_materials!$B:$B,raw_materials!BK:BK) -> 0
A3: 2 | B3: Frittini Non Veg | C3: Frittini Non Veg | D3: 21 | E3: 12075 | F3: Frittini Non Veg | G3: =_xlfn.XLOOKUP(F3,[1]Table0!$A:$A,[1]Table0!$B:$B) -> Italian 1 | H3: =_xlfn.XLOOKUP($F3,raw_materials!$B:$B,raw_materials!D:D) -> Crocchette Di Patate | I3: =_xlfn.XLOOKUP($F3,raw_materials!$B:$B,raw_materials!E:E) -> 150 | J3: =_xlfn.XLOOKUP($F3,raw_materials!$B:$B,raw_materials!F:F) -> GM | K3: =_xlfn.XLOOKUP($F3,raw_materials!$B:$B,raw_materials!G:G) -> All | L3: =_xlfn.XLOOKUP($F3,raw_materials!$B:$B,raw_materials!H:H) -> Arancino | M3: =_xlfn.XLOOKUP($F3,raw_materials!$B:$B,raw_materials!I:I) -> 150 | N3: =_xlfn.XLOOKUP($F3,raw_materials!$B:$B,raw_materials!J:J) -> GM | O3: =_xlfn.XLOOKUP($F3,raw_materials!$B:$B,raw_materials!K:K) -> All | P3: =_xlfn.XLOOKUP($F3,raw_materials!$B:$B,raw_materials!L:L) -> Polpette Di Manzo | Q3: =_xlfn.XLOOKUP($F3,raw_materials!$B:$B,raw_materials!M:M) -> 150 | R3: =_xlfn.XLOOKUP($F3,raw_materials!$B:$B,raw_materials!N:N) -> GM | S3: =_xlfn.XLOOKUP($F3,raw_materials!$B:$B,raw_materials!O:O) -> All | T3: =_xlfn.XLOOKUP($F3,raw_materials!$B:$B,raw_materials!P:P) -> Gazpacho Di Peperone | U3: =_xlfn.XLOOKUP($F3,raw_materials!$B:$B,raw_materials!Q:Q) -> 50 | V3: =_xlfn.XLOOKUP($F3,raw_materials!$B:$B,raw_materials!R:R) -> GM | W3: =_xlfn.XLOOKUP($F3,raw_materials!$B:$B,raw_materials!S:S) -> All | X3: =_xlfn.XLOOKUP($F3,raw_materials!$B:$B,raw_materials!T:T) -> Crema Di Cavolfiore | Y3: =_xlfn.XLOOKUP($F3,raw_materials!$B:$B,raw_materials!U:U) -> 50 | Z3: =_xlfn.XLOOKUP($F3,raw_materials!$B:$B,raw_materials!V:V) -> GM | AA3: =_xlfn.XLOOKUP($F3,raw_materials!$B:$B,raw_materials!W:W) -> All | AB3: =_xlfn.XLOOKUP($F3,raw_materials!$B:$B,raw_materials!X:X) -> Potato Btr | AC3: =_xlfn.XLOOKUP($F3,raw_materials!$B:$B,raw_materials!Y:Y) -> 50 | AD3: =_xlfn.XLOOKUP($F3,raw_materials!$B:$B,raw_materials!Z:Z) -> GM | AE3: =_xlfn.XLOOKUP($F3,raw_materials!$B:$B,raw_materials!AA:AA) -> All | AF3: =_xlfn.XLOOKUP($F3,raw_materials!$B:$B,raw_materials!AB:AB) -> 0 | AG3: =_xlfn.XLOOKUP($F3,raw_materials!$B:$B,raw_materials!AC:AC) -> 0 | AH3: =_xlfn.XLOOKUP($F3,raw_materials!$B:$B,raw_materials!AD:AD) -> 0 | AI3: =_xlfn.XLOOKUP($F3,raw_materials!$B:$B,raw_materials!AE:AE) -> 0 | AJ3: =_xlfn.XLOOKUP($F3,raw_materials!$B:$B,raw_materials!AF:AF) -> 0 | AK3: =_xlfn.XLOOKUP($F3,raw_materials!$B:$B,raw_materials!AG:AG) -> 0 | AL3: =_xlfn.XLOOKUP($F3,raw_materials!$B:$B,raw_materials!AH:AH) -> 0 | AM3: =_xlfn.XLOOKUP($F3,raw_materials!$B:$B,raw_materials!AI:AI) -> 0 | AN3: =_xlfn.XLOOKUP($F3,raw_materials!$B:$B,raw_materials!AJ:AJ) -> 0 | AO3: =_xlfn.XLOOKUP($F3,raw_materials!$B:$B,raw_materials!AK:AK) -> 0 | AP3: =_xlfn.XLOOKUP($F3,raw_materials!$B:$B,raw_materials!AL:AL) -> 0 | AQ3: =_xlfn.XLOOKUP($F3,raw_materials!$B:$B,raw_materials!AM:AM) -> 0 | AR3: =_xlfn.XLOOKUP($F3,raw_materials!$B:$B,raw_materials!AN:AN) -> 0 | AS3: =_xlfn.XLOOKUP($F3,raw_materials!$B:$B,raw_materials!AO:AO) -> 0 | AT3: =_xlfn.XLOOKUP($F3,raw_materials!$B:$B,raw_materials!AP:AP) -> 0 | AU3: =_xlfn.XLOOKUP($F3,raw_materials!$B:$B,raw_materials!AQ:AQ) -> 0 | AV3: =_xlfn.XLOOKUP($F3,raw_materials!$B:$B,raw_materials!AR:AR) -> 0 | AW3: =_xlfn.XLOOKUP($F3,raw_materials!$B:$B,raw_materials!AS:AS) -> 0 | AX3: =_xlfn.XLOOKUP($F3,raw_materials!$B:$B,raw_materials!AT:AT) -> 0 | AY3: =_xlfn.XLOOKUP($F3,raw_materials!$B:$B,raw_materials!AU:AU) -> 0 | AZ3: =_xlfn.XLOOKUP($F3,raw_materials!$B:$B,raw_materials!AV:AV) -> 0 | BA3: =_xlfn.XLOOKUP($F3,raw_materials!$B:$B,raw_materials!AW:AW) -> 0 | BB3: =_xlfn.XLOOKUP($F3,raw_materials!$B:$B,raw_materials!AX:AX) -> 0 | BC3: =_xlfn.XLOOKUP($F3,raw_materials!$B:$B,raw_materials!AY:AY) -> 0 | BD3: =_xlfn.XLOOKUP($F3,raw_materials!$B:$B,raw_materials!AZ:AZ) -> 0 | BE3: =_xlfn.XLOOKUP($F3,raw_materials!$B:$B,raw_materials!BA:BA) -> 0 | BF3: =_xlfn.XLOOKUP($F3,raw_materials!$B:$B,raw_materials!BB:BB) -> 0 | BG3: =_xlfn.XLOOKUP($F3,raw_materials!$B:$B,raw_materials!BC:BC) -> 0 | BH3: =_xlfn.XLOOKUP($F3,raw_materials!$B:$B,raw_materials!BD:BD) -> 0 | BI3: =_xlfn.XLOOKUP($F3,raw_materials!$B:$B,raw_materials!BE:BE) -> 0 | BJ3: =_xlfn.XLOOKUP($F3,raw_materials!$B:$B,raw_materials!BF:BF) -> 0 | BK3: =_xlfn.XLOOKUP($F3,raw_materials!$B:$B,raw_materials!BG:BG) -> 0 | BL3: =_xlfn.XLOOKUP($F3,raw_materials!$B:$B,raw_materials!BH:BH) -> 0 | BM3: =_xlfn.XLOOKUP($F3,raw_materials!$B:$B,raw_materials!BI:BI) -> 0 | BN3: =_xlfn.XLOOKUP($F3,raw_materials!$B:$B,raw_materials!BJ:BJ) -> 0 | BO3: =_xlfn.XLOOKUP($F3,raw_materials!$B:$B,raw_materials!BK:BK) -> 0
A4: 3 | B4: Tagliere Di Formaggi | C4: Tagliere Di Formaggi | D4: 20 | E4: 18900 | F4: Tagliere Di Formaggi | G4: =_xlfn.XLOOKUP(F4,[1]Table0!$A:$A,[1]Table0!$B:$B) -> Italian 1 | H4: =_xlfn.XLOOKUP($F4,raw_materials!$B:$B,raw_materials!D:D) -> Grana Padano | I4: =_xlfn.XLOOKUP($F4,raw_materials!$B:$B,raw_materials!E:E) -> 30 | J4: =_xlfn.XLOOKUP($F4,raw_materials!$B:$B,raw_materials!F:F) -> GM | K4: =_xlfn.XLOOKUP($F4,raw_materials!$B:$B,raw_materials!G:G) -> All | L4: =_xlfn.XLOOKUP($F4,raw_materials!$B:$B,raw_materials!H:H) -> Provolone Dolce | M4: =_xlfn.XLOOKUP($F4,raw_materials!$B:$B,raw_materials!I:I) -> 30 | N4: =_xlfn.XLOOKUP($F4,raw_materials!$B:$B,raw_materials!J:J) -> GM | O4: =_xlfn.XLOOKUP($F4,raw_materials!$B:$B,raw_materials!K:K) -> All | P4: =_xlfn.XLOOKUP($F4,raw_materials!$B:$B,raw_materials!L:L) -> Marmellata Di Cipolla | Q4: =_xlfn.XLOOKUP($F4,raw_materials!$B:$B,raw_materials!M:M) -> 40 | R4: =_xlfn.XLOOKUP($F4,raw_materials!$B:$B,raw_materials!N:N) -> GM | S4: =_xlfn.XLOOKUP($F4,raw_materials!$B:$B,raw_materials!O:O) -> All | T4: =_xlfn.XLOOKUP($F4,raw_materials!$B:$B,raw_materials!P:P) -> Big Burrata | U4: =_xlfn.XLOOKUP($F4,raw_materials!$B:$B,raw_materials!Q:Q) -> 125 | V4: =_xlfn.XLOOKUP($F4,raw_materials!$B:$B,raw_materials!R:R) -> GM | W4: =_xlfn.XLOOKUP($F4,raw_materials!$B:$B,raw_materials!S:S) -> All | X4: =_xlfn.XLOOKUP($F4,raw_materials!$B:$B,raw_materials!T:T) -> Olive Green Pitted | Y4: =_xlfn.XLOOKUP($F4,raw_materials!$B:$B,raw_materials!U:U) -> 10 | Z4: =_xlfn.XLOOKUP($F4,raw_materials!$B:$B,raw_materials!V:V) -> GM | AA4: =_xlfn.XLOOKUP($F4,raw_materials!$B:$B,raw_materials!W:W) -> All | AB4: =_xlfn.XLOOKUP($F4,raw_materials!$B:$B,raw_materials!X:X) -> Black Olives Sliced | AC4: =_xlfn.XLOOKUP($F4,raw_materials!$B:$B,raw_materials!Y:Y) -> 10 | AD4: =_xlfn.XLOOKUP($F4,raw_materials!$B:$B,raw_materials!Z:Z) -> GM | AE4: =_xlfn.XLOOKUP($F4,raw_materials!$B:$B,raw_materials!AA:AA) -> All | AF4: =_xlfn.XLOOKUP($F4,raw_materials!$B:$B,raw_materials!AB:AB) -> Kalamata Pitted Olives 3.6 Kg | AG4: =_xlfn.XLOOKUP($F4,raw_materials!$B:$B,raw_materials!AC:AC) -> 10 | AH4: =_xlfn.XLOOKUP($F4,raw_materials!$B:$B,raw_materials!AD:AD) -> GM | AI4: =_xlfn.XLOOKUP($F4,raw_materials!$B:$B,raw_materials!AE:AE) -> All | AJ4: =_xlfn.XLOOKUP($F4,raw_materials!$B:$B,raw_materials!AF:AF) -> Rocket Lettuce | AK4: =_xlfn.XLOOKUP($F4,raw_materials!$B:$B,raw_materials!AG:AG) -> 10 | AL4: =_xlfn.XLOOKUP($F4,raw_materials!$B:$B,raw_materials!AH:AH) -> GM | AM4: =_xlfn.XLOOKUP($F4,raw_materials!$B:$B,raw_materials!AI:AI) -> All | AN4: =_xlfn.XLOOKUP($F4,raw_materials!$B:$B,raw_materials!AJ:AJ) -> Tomato Cherry | AO4: =_xlfn.XLOOKUP($F4,raw_materials!$B:$B,raw_materials!AK:AK) -> 10 | AP4: =_xlfn.XLOOKUP($F4,raw_materials!$B:$B,raw_materials!AL:AL) -> GM | AQ4: =_xlfn.XLOOKUP($F4,raw_materials!$B:$B,raw_materials!AM:AM) -> All | AR4: =_xlfn.XLOOKUP($F4,raw_materials!$B:$B,raw_materials!AN:AN) -> Smoked Scamorza | AS4: =_xlfn.XLOOKUP($F4,raw_materials!$B:$B,raw_materials!AO:AO) -> 30 | AT4: =_xlfn.XLOOKUP($F4,raw_materials!$B:$B,raw_materials!AP:AP) -> GM | AU4: =_xlfn.XLOOKUP($F4,raw_materials!$B:$B,raw_materials!AQ:AQ) -> All | AV4: =_xlfn.XLOOKUP($F4,raw_materials!$B:$B,raw_materials!AR:AR) -> Grissini | AW4: =_xlfn.XLOOKUP($F4,raw_materials!$B:$B,raw_materials!AS:AS) -> 30 | AX4: =_xlfn.XLOOKUP($F4,raw_materials!$B:$B,raw_materials!AT:AT) -> GM | AY4: =_xlfn.XLOOKUP($F4,raw_materials!$B:$B,raw_materials!AU:AU) -> All | AZ4: =_xlfn.XLOOKUP($F4,raw_materials!$B:$B,raw_materials!AV:AV) -> 0 | BA4: =_xlfn.XLOOKUP($F4,raw_materials!$B:$B,raw_materials!AW:AW) -> 0 | BB4: =_xlfn.XLOOKUP($F4,raw_materials!$B:$B,raw_materials!AX:AX) -> 0 | BC4: =_xlfn.XLOOKUP($F4,raw_materials!$B:$B,raw_materials!AY:AY) -> 0 | BD4: =_xlfn.XLOOKUP($F4,raw_materials!$B:$B,raw_materials!AZ:AZ) -> 0 | BE4: =_xlfn.XLOOKUP($F4,raw_materials!$B:$B,raw_materials!BA:BA) -> 0 | BF4: =_xlfn.XLOOKUP($F4,raw_materials!$B:$B,raw_materials!BB:BB) -> 0 | BG4: =_xlfn.XLOOKUP($F4,raw_materials!$B:$B,raw_materials!BC:BC) -> 0 | BH4: =_xlfn.XLOOKUP($F4,raw_materials!$B:$B,raw_materials!BD:BD) -> 0 | BI4: =_xlfn.XLOOKUP($F4,raw_materials!$B:$B,raw_materials!BE:BE) -> 0 | BJ4: =_xlfn.XLOOKUP($F4,raw_materials!$B:$B,raw_materials!BF:BF) -> 0 | BK4: =_xlfn.XLOOKUP($F4,raw_materials!$B:$B,raw_materials!BG:BG) -> 0 | BL4: =_xlfn.XLOOKUP($F4,raw_materials!$B:$B,raw_materials!BH:BH) -> 0 | BM4: =_xlfn.XLOOKUP($F4,raw_materials!$B:$B,raw_materials!BI:BI) -> 0 | BN4: =_xlfn.XLOOKUP($F4,raw_materials!$B:$B,raw_materials!BJ:BJ) -> 0 | BO4: =_xlfn.XLOOKUP($F4,raw_materials!$B:$B,raw_materials!BK:BK) -> 0
A5: 4 | B5: Tagliere Di Salumi | C5: Tagliere Di Salumi | D5: 34 | E5: 32130 | F5: Tagliere Di Salumi | G5: =_xlfn.XLOOKUP(F5,[1]Table0!$A:$A,[1]Table0!$B:$B) -> Italian 1 | H5: =_xlfn.XLOOKUP($F5,raw_materials!$B:$B,raw_materials!D:D) -> Cooked Ham | I5: =_xlfn.XLOOKUP($F5,raw_materials!$B:$B,raw_materials!E:E) -> 30 | J5: =_xlfn.XLOOKUP($F5,raw_materials!$B:$B,raw_materials!F:F) -> GM | K5: =_xlfn.XLOOKUP($F5,raw_materials!$B:$B,raw_materials!G:G) -> All | L5: =_xlfn.XLOOKUP($F5,raw_materials!$B:$B,raw_materials!H:H) -> Coppa | M5: =_xlfn.XLOOKUP($F5,raw_materials!$B:$B,raw_materials!I:I) -> 30 | N5: =_xlfn.XLOOKUP($F5,raw_materials!$B:$B,raw_materials!J:J) -> GM | O5: =_xlfn.XLOOKUP($F5,raw_materials!$B:$B,raw_materials!K:K) -> All | P5: =_xlfn.XLOOKUP($F5,raw_materials!$B:$B,raw_materials!L:L) -> Mortadella Bologna | Q5: =_xlfn.XLOOKUP($F5,raw_materials!$B:$B,raw_materials!M:M) -> 30 | R5: =_xlfn.XLOOKUP($F5,raw_materials!$B:$B,raw_materials!N:N) -> GM | S5: =_xlfn.XLOOKUP($F5,raw_materials!$B:$B,raw_materials!O:O) -> All | T5: =_xlfn.XLOOKUP($F5,raw_materials!$B:$B,raw_materials!P:P) -> Spianata Calabrese | U5: =_xlfn.XLOOKUP($F5,raw_materials!$B:$B,raw_materials!Q:Q) -> 30 | V5: =_xlfn.XLOOKUP($F5,raw_materials!$B:$B,raw_materials!R:R) -> GM | W5: =_xlfn.XLOOKUP($F5,raw_materials!$B:$B,raw_materials!S:S) -> All | X5: =_xlfn.XLOOKUP($F5,raw_materials!$B:$B,raw_materials!T:T) -> Salami Milano | Y5: =_xlfn.XLOOKUP($F5,raw_materials!$B:$B,raw_materials!U:U) -> 30 | Z5: =_xlfn.XLOOKUP($F5,raw_materials!$B:$B,raw_materials!V:V) -> GM | AA5: =_xlfn.XLOOKUP($F5,raw_materials!$B:$B,raw_materials!W:W) -> All | AB5: =_xlfn.XLOOKUP($F5,raw_materials!$B:$B,raw_materials!X:X) -> Black Olives Sliced | AC5: =_xlfn.XLOOKUP($F5,raw_materials!$B:$B,raw_materials!Y:Y) -> 10 | AD5: =_xlfn.XLOOKUP($F5,raw_materials!$B:$B,raw_materials!Z:Z) -> GM | AE5: =_xlfn.XLOOKUP($F5,raw_materials!$B:$B,raw_materials!AA:AA) -> All | AF5: =_xlfn.XLOOKUP($F5,raw_materials!$B:$B,raw_materials!AB:AB) -> Olive Green Pitted | AG5: =_xlfn.XLOOKUP($F5,raw_materials!$B:$B,raw_materials!AC:AC) -> 10 | AH5: =_xlfn.XLOOKUP($F5,raw_materials!$B:$B,raw_materials!AD:AD) -> GM | AI5: =_xlfn.XLOOKUP($F5,raw_materials!$B:$B,raw_materials!AE:AE) -> All | AJ5: =_xlfn.XLOOKUP($F5,raw_materials!$B:$B,raw_materials!AF:AF) -> Grissini | AK5: =_xlfn.XLOOKUP($F5,raw_materials!$B:$B,raw_materials!AG:AG) -> 30 | AL5: =_xlfn.XLOOKUP($F5,raw_materials!$B:$B,raw_materials!AH:AH) -> GM | AM5: =_xlfn.XLOOKUP($F5,raw_materials!$B:$B,raw_materials!AI:AI) -> All | AN5: =_xlfn.XLOOKUP($F5,raw_materials!$B:$B,raw_materials!AJ:AJ) -> Prosciutto Crudo Parma | AO5: =_xlfn.XLOOKUP($F5,raw_materials!$B:$B,raw_materials!AK:AK) -> 30 | AP5: =_xlfn.XLOOKUP($F5,raw_materials!$B:$B,raw_materials!AL:AL) -> GM | AQ5: =_xlfn.XLOOKUP($F5,raw_materials!$B:$B,raw_materials!AM:AM) -> All | AR5: =_xlfn.XLOOKUP($F5,raw_materials!$B:$B,raw_materials!AN:AN) -> Marmellata Di Cipolla | AS5: =_xlfn.XLOOKUP($F5,raw_materials!$B:$B,raw_materials!AO:AO) -> 40 | AT5: =_xlfn.XLOOKUP($F5,raw_materials!$B:$B,raw_materials!AP:AP) -> GM | AU5: =_xlfn.XLOOKUP($F5,raw_materials!$B:$B,raw_materials!AQ:AQ) -> All | AV5: =_xlfn.XLOOKUP($F5,raw_materials!$B:$B,raw_materials!AR:AR) -> Kalamata Pitted Olives 3.6 Kg | AW5: =_xlfn.XLOOKUP($F5,raw_materials!$B:$B,raw_materials!AS:AS) -> 10 | AX5: =_xlfn.XLOOKUP($F5,raw_materials!$B:$B,raw_materials!AT:AT) -> GM | AY5: =_xlfn.XLOOKUP($F5,raw_materials!$B:$B,raw_materials!AU:AU) -> All | AZ5: =_xlfn.XLOOKUP($F5,raw_materials!$B:$B,raw_materials!AV:AV) -> 0 | BA5: =_xlfn.XLOOKUP($F5,raw_materials!$B:$B,raw_materials!AW:AW) -> 0 | BB5: =_xlfn.XLOOKUP($F5,raw_materials!$B:$B,raw_materials!AX:AX) -> 0 | BC5: =_xlfn.XLOOKUP($F5,raw_materials!$B:$B,raw_materials!AY:AY) -> 0 | BD5: =_xlfn.XLOOKUP($F5,raw_materials!$B:$B,raw_materials!AZ:AZ) -> 0 | BE5: =_xlfn.XLOOKUP($F5,raw_materials!$B:$B,raw_materials!BA:BA) -> 0 | BF5: =_xlfn.XLOOKUP($F5,raw_materials!$B:$B,raw_materials!BB:BB) -> 0 | BG5: =_xlfn.XLOOKUP($F5,raw_materials!$B:$B,raw_materials!BC:BC) -> 0 | BH5: =_xlfn.XLOOKUP($F5,raw_materials!$B:$B,raw_materials!BD:BD) -> 0 | BI5: =_xlfn.XLOOKUP($F5,raw_materials!$B:$B,raw_materials!BE:BE) -> 0 | BJ5: =_xlfn.XLOOKUP($F5,raw_materials!$B:$B,raw_materials!BF:BF) -> 0 | BK5: =_xlfn.XLOOKUP($F5,raw_materials!$B:$B,raw_materials!BG:BG) -> 0 | BL5: =_xlfn.XLOOKUP($F5,raw_materials!$B:$B,raw_materials!BH:BH) -> 0 | BM5: =_xlfn.XLOOKUP($F5,raw_materials!$B:$B,raw_materials!BI:BI) -> 0 | BN5: =_xlfn.XLOOKUP($F5,raw_materials!$B:$B,raw_materials!BJ:BJ) -> 0 | BO5: =_xlfn.XLOOKUP($F5,raw_materials!$B:$B,raw_materials!BK:BK) -> 0
A6: 5 | B6: Bruschetta Alle Melanzane | C6: Bruschetta Alle Melanzane | D6: 18 | E6: 5310 | F6: Bruschetta Alle Melanzane | G6: =_xlfn.XLOOKUP(F6,[1]Table0!$A:$A,[1]Table0!$B:$B) -> Pizza 1 | H6: =_xlfn.XLOOKUP($F6,raw_materials!$B:$B,raw_materials!D:D) -> Impasto Bruschetta | I6: =_xlfn.XLOOKUP($F6,raw_materials!$B:$B,raw_materials!E:E) -> 100 | J6: =_xlfn.XLOOKUP($F6,raw_materials!$B:$B,raw_materials!F:F) -> GM | K6: =_xlfn.XLOOKUP($F6,raw_materials!$B:$B,raw_materials!G:G) -> All | L6: =_xlfn.XLOOKUP($F6,raw_materials!$B:$B,raw_materials!H:H) -> Roasted Brinjal Cream | M6: =_xlfn.XLOOKUP($F6,raw_materials!$B:$B,raw_materials!I:I) -> 50 | N6: =_xlfn.XLOOKUP($F6,raw_materials!$B:$B,raw_materials!J:J) -> GM | O6: =_xlfn.XLOOKUP($F6,raw_materials!$B:$B,raw_materials!K:K) -> All | P6: =_xlfn.XLOOKUP($F6,raw_materials!$B:$B,raw_materials!L:L) -> Roasted Cherry Tomato | Q6: =_xlfn.XLOOKUP($F6,raw_materials!$B:$B,raw_materials!M:M) -> 40 | R6: =_xlfn.XLOOKUP($F6,raw_materials!$B:$B,raw_materials!N:N) -> GM | S6: =_xlfn.XLOOKUP($F6,raw_materials!$B:$B,raw_materials!O:O) -> All | T6: =_xlfn.XLOOKUP($F6,raw_materials!$B:$B,raw_materials!P:P) -> Grana Padano | U6: =_xlfn.XLOOKUP($F6,raw_materials!$B:$B,raw_materials!Q:Q) -> 25 | V6: =_xlfn.XLOOKUP($F6,raw_materials!$B:$B,raw_materials!R:R) -> GM | W6: =_xlfn.XLOOKUP($F6,raw_materials!$B:$B,raw_materials!S:S) -> All | X6: =_xlfn.XLOOKUP($F6,raw_materials!$B:$B,raw_materials!T:T) -> 0 | Y6: =_xlfn.XLOOKUP($F6,raw_materials!$B:$B,raw_materials!U:U) -> 0 | Z6: =_xlfn.XLOOKUP($F6,raw_materials!$B:$B,raw_materials!V:V) -> 0 | AA6: =_xlfn.XLOOKUP($F6,raw_materials!$B:$B,raw_materials!W:W) -> 0 | AB6: =_xlfn.XLOOKUP($F6,raw_materials!$B:$B,raw_materials!X:X) -> 0 | AC6: =_xlfn.XLOOKUP($F6,raw_materials!$B:$B,raw_materials!Y:Y) -> 0 | AD6: =_xlfn.XLOOKUP($F6,raw_materials!$B:$B,raw_materials!Z:Z) -> 0 | AE6: =_xlfn.XLOOKUP($F6,raw_materials!$B:$B,raw_materials!AA:AA) -> 0 | AF6: =_xlfn.XLOOKUP($F6,raw_materials!$B:$B,raw_materials!AB:AB) -> 0 | AG6: =_xlfn.XLOOKUP($F6,raw_materials!$B:$B,raw_materials!AC:AC) -> 0 | AH6: =_xlfn.XLOOKUP($F6,raw_materials!$B:$B,raw_materials!AD:AD) -> 0 | AI6: =_xlfn.XLOOKUP($F6,raw_materials!$B:$B,raw_materials!AE:AE) -> 0 | AJ6: =_xlfn.XLOOKUP($F6,raw_materials!$B:$B,raw_materials!AF:AF) -> 0 | AK6: =_xlfn.XLOOKUP($F6,raw_materials!$B:$B,raw_materials!AG:AG) -> 0 | AL6: =_xlfn.XLOOKUP($F6,raw_materials!$B:$B,raw_materials!AH:AH) -> 0 | AM6: =_xlfn.XLOOKUP($F6,raw_materials!$B:$B,raw_materials!AI:AI) -> 0 | AN6: =_xlfn.XLOOKUP($F6,raw_materials!$B:$B,raw_materials!AJ:AJ) -> 0 | AO6: =_xlfn.XLOOKUP($F6,raw_materials!$B:$B,raw_materials!AK:AK) -> 0 | AP6: =_xlfn.XLOOKUP($F6,raw_materials!$B:$B,raw_materials!AL:AL) -> 0 | AQ6: =_xlfn.XLOOKUP($F6,raw_materials!$B:$B,raw_materials!AM:AM) -> 0 | AR6: =_xlfn.XLOOKUP($F6,raw_materials!$B:$B,raw_materials!AN:AN) -> 0 | AS6: =_xlfn.XLOOKUP($F6,raw_materials!$B:$B,raw_materials!AO:AO) -> 0 | AT6: =_xlfn.XLOOKUP($F6,raw_materials!$B:$B,raw_materials!AP:AP) -> 0 | AU6: =_xlfn.XLOOKUP($F6,raw_materials!$B:$B,raw_materials!AQ:AQ) -> 0 | AV6: =_xlfn.XLOOKUP($F6,raw_materials!$B:$B,raw_materials!AR:AR) -> 0 | AW6: =_xlfn.XLOOKUP($F6,raw_materials!$B:$B,raw_materials!AS:AS) -> 0 | AX6: =_xlfn.XLOOKUP($F6,raw_materials!$B:$B,raw_materials!AT:AT) -> 0 | AY6: =_xlfn.XLOOKUP($F6,raw_materials!$B:$B,raw_materials!AU:AU) -> 0 | AZ6: =_xlfn.XLOOKUP($F6,raw_materials!$B:$B,raw_materials!AV:AV) -> 0 | BA6: =_xlfn.XLOOKUP($F6,raw_materials!$B:$B,raw_materials!AW:AW) -> 0 | BB6: =_xlfn.XLOOKUP($F6,raw_materials!$B:$B,raw_materials!AX:AX) -> 0 | BC6: =_xlfn.XLOOKUP($F6,raw_materials!$B:$B,raw_materials!AY:AY) -> 0 | BD6: =_xlfn.XLOOKUP($F6,raw_materials!$B:$B,raw_materials!AZ:AZ) -> 0 | BE6: =_xlfn.XLOOKUP($F6,raw_materials!$B:$B,raw_materials!BA:BA) -> 0 | BF6: =_xlfn.XLOOKUP($F6,raw_materials!$B:$B,raw_materials!BB:BB) -> 0 | BG6: =_xlfn.XLOOKUP($F6,raw_materials!$B:$B,raw_materials!BC:BC) -> 0 | BH6: =_xlfn.XLOOKUP($F6,raw_materials!$B:$B,raw_materials!BD:BD) -> 0 | BI6: =_xlfn.XLOOKUP($F6,raw_materials!$B:$B,raw_materials!BE:BE) -> 0 | BJ6: =_xlfn.XLOOKUP($F6,raw_materials!$B:$B,raw_materials!BF:BF) -> 0 | BK6: =_xlfn.XLOOKUP($F6,raw_materials!$B:$B,raw_materials!BG:BG) -> 0 | BL6: =_xlfn.XLOOKUP($F6,raw_materials!$B:$B,raw_materials!BH:BH) -> 0 | BM6: =_xlfn.XLOOKUP($F6,raw_materials!$B:$B,raw_materials!BI:BI) -> 0 | BN6: =_xlfn.XLOOKUP($F6,raw_materials!$B:$B,raw_materials!BJ:BJ) -> 0 | BO6: =_xlfn.XLOOKUP($F6,raw_materials!$B:$B,raw_materials!BK:BK) -> 0
A7: 6 | B7: Bruschetta Alla Stracciatella | C7: Bruschetta Alla Stracciatella | D7: 67 | E7: 23450 | F7: Bruschetta Alla Stracciatella | G7: =_xlfn.XLOOKUP(F7,[1]Table0!$A:$A,[1]Table0!$B:$B) -> Pizza 1 | H7: =_xlfn.XLOOKUP($F7,raw_materials!$B:$B,raw_materials!D:D) -> Impasto Bruschetta | I7: =_xlfn.XLOOKUP($F7,raw_materials!$B:$B,raw_materials!E:E) -> 100 | J7: =_xlfn.XLOOKUP($F7,raw_materials!$B:$B,raw_materials!F:F) -> GM | K7: =_xlfn.XLOOKUP($F7,raw_materials!$B:$B,raw_materials!G:G) -> All | L7: =_xlfn.XLOOKUP($F7,raw_materials!$B:$B,raw_materials!H:H) -> Stracciatella | M7: =_xlfn.XLOOKUP($F7,raw_materials!$B:$B,raw_materials!I:I) -> 50 | N7: =_xlfn.XLOOKUP($F7,raw_materials!$B:$B,raw_materials!J:J) -> GM | O7: =_xlfn.XLOOKUP($F7,raw_materials!$B:$B,raw_materials!K:K) -> All | P7: =_xlfn.XLOOKUP($F7,raw_materials!$B:$B,raw_materials!L:L) -> Roasted Cherry Tomato | Q7: =_xlfn.XLOOKUP($F7,raw_materials!$B:$B,raw_materials!M:M) -> 40 | R7: =_xlfn.XLOOKUP($F7,raw_materials!$B:$B,raw_materials!N:N) -> GM | S7: =_xlfn.XLOOKUP($F7,raw_materials!$B:$B,raw_materials!O:O) -> All | T7: =_xlfn.XLOOKUP($F7,raw_materials!$B:$B,raw_materials!P:P) -> Basil Leaves | U7: =_xlfn.XLOOKUP($F7,raw_materials!$B:$B,raw_materials!Q:Q) -> 10 | V7: =_xlfn.XLOOKUP($F7,raw_materials!$B:$B,raw_materials!R:R) -> GM | W7: =_xlfn.XLOOKUP($F7,raw_materials!$B:$B,raw_materials!S:S) -> All | X7: =_xlfn.XLOOKUP($F7,raw_materials!$B:$B,raw_materials!T:T) -> 0 | Y7: =_xlfn.XLOOKUP($F7,raw_materials!$B:$B,raw_materials!U:U) -> 0 | Z7: =_xlfn.XLOOKUP($F7,raw_materials!$B:$B,raw_materials!V:V) -> 0 | AA7: =_xlfn.XLOOKUP($F7,raw_materials!$B:$B,raw_materials!W:W) -> 0 | AB7: =_xlfn.XLOOKUP($F7,raw_materials!$B:$B,raw_materials!X:X) -> 0 | AC7: =_xlfn.XLOOKUP($F7,raw_materials!$B:$B,raw_materials!Y:Y) -> 0 | AD7: =_xlfn.XLOOKUP($F7,raw_materials!$B:$B,raw_materials!Z:Z) -> 0 | AE7: =_xlfn.XLOOKUP($F7,raw_materials!$B:$B,raw_materials!AA:AA) -> 0 | AF7: =_xlfn.XLOOKUP($F7,raw_materials!$B:$B,raw_materials!AB:AB) -> 0 | AG7: =_xlfn.XLOOKUP($F7,raw_materials!$B:$B,raw_materials!AC:AC) -> 0 | AH7: =_xlfn.XLOOKUP($F7,raw_materials!$B:$B,raw_materials!AD:AD) -> 0 | AI7: =_xlfn.XLOOKUP($F7,raw_materials!$B:$B,raw_materials!AE:AE) -> 0 | AJ7: =_xlfn.XLOOKUP($F7,raw_materials!$B:$B,raw_materials!AF:AF) -> 0 | AK7: =_xlfn.XLOOKUP($F7,raw_materials!$B:$B,raw_materials!AG:AG) -> 0 | AL7: =_xlfn.XLOOKUP($F7,raw_materials!$B:$B,raw_materials!AH:AH) -> 0 | AM7: =_xlfn.XLOOKUP($F7,raw_materials!$B:$B,raw_materials!AI:AI) -> 0 | AN7: =_xlfn.XLOOKUP($F7,raw_materials!$B:$B,raw_materials!AJ:AJ) -> 0 | AO7: =_xlfn.XLOOKUP($F7,raw_materials!$B:$B,raw_materials!AK:AK) -> 0 | AP7: =_xlfn.XLOOKUP($F7,raw_materials!$B:$B,raw_materials!AL:AL) -> 0 | AQ7: =_xlfn.XLOOKUP($F7,raw_materials!$B:$B,raw_materials!AM:AM) -> 0 | AR7: =_xlfn.XLOOKUP($F7,raw_materials!$B:$B,raw_materials!AN:AN) -> 0 | AS7: =_xlfn.XLOOKUP($F7,raw_materials!$B:$B,raw_materials!AO:AO) -> 0 | AT7: =_xlfn.XLOOKUP($F7,raw_materials!$B:$B,raw_materials!AP:AP) -> 0 | AU7: =_xlfn.XLOOKUP($F7,raw_materials!$B:$B,raw_materials!AQ:AQ) -> 0 | AV7: =_xlfn.XLOOKUP($F7,raw_materials!$B:$B,raw_materials!AR:AR) -> 0 | AW7: =_xlfn.XLOOKUP($F7,raw_materials!$B:$B,raw_materials!AS:AS) -> 0 | AX7: =_xlfn.XLOOKUP($F7,raw_materials!$B:$B,raw_materials!AT:AT) -> 0 | AY7: =_xlfn.XLOOKUP($F7,raw_materials!$B:$B,raw_materials!AU:AU) -> 0 | AZ7: =_xlfn.XLOOKUP($F7,raw_materials!$B:$B,raw_materials!AV:AV) -> 0 | BA7: =_xlfn.XLOOKUP($F7,raw_materials!$B:$B,raw_materials!AW:AW) -> 0 | BB7: =_xlfn.XLOOKUP($F7,raw_materials!$B:$B,raw_materials!AX:AX) -> 0 | BC7: =_xlfn.XLOOKUP($F7,raw_materials!$B:$B,raw_materials!AY:AY) -> 0 | BD7: =_xlfn.XLOOKUP($F7,raw_materials!$B:$B,raw_materials!AZ:AZ) -> 0 | BE7: =_xlfn.XLOOKUP($F7,raw_materials!$B:$B,raw_materials!BA:BA) -> 0 | BF7: =_xlfn.XLOOKUP($F7,raw_materials!$B:$B,raw_materials!BB:BB) -> 0 | BG7: =_xlfn.XLOOKUP($F7,raw_materials!$B:$B,raw_materials!BC:BC) -> 0 | BH7: =_xlfn.XLOOKUP($F7,raw_materials!$B:$B,raw_materials!BD:BD) -> 0 | BI7: =_xlfn.XLOOKUP($F7,raw_materials!$B:$B,raw_materials!BE:BE) -> 0 | BJ7: =_xlfn.XLOOKUP($F7,raw_materials!$B:$B,raw_materials!BF:BF) -> 0 | BK7: =_xlfn.XLOOKUP($F7,raw_materials!$B:$B,raw_materials!BG:BG) -> 0 | BL7: =_xlfn.XLOOKUP($F7,raw_materials!$B:$B,raw_materials!BH:BH) -> 0 | BM7: =_xlfn.XLOOKUP($F7,raw_materials!$B:$B,raw_materials!BI:BI) -> 0 | BN7: =_xlfn.XLOOKUP($F7,raw_materials!$B:$B,raw_materials!BJ:BJ) -> 0 | BO7: =_xlfn.XLOOKUP($F7,raw_materials!$B:$B,raw_materials!BK:BK) -> 0
A8: 7 | B8: Bruschetta Alla Nduja | C8: Bruschetta Alla Nduja | D8: 12 | E8: 4200 | F8: Bruschetta Alla Nduja | G8: =_xlfn.XLOOKUP(F8,[1]Table0!$A:$A,[1]Table0!$B:$B) -> Pizza 1 | H8: =_xlfn.XLOOKUP($F8,raw_materials!$B:$B,raw_materials!D:D) -> Impasto Bruschetta | I8: =_xlfn.XLOOKUP($F8,raw_materials!$B:$B,raw_materials!E:E) -> 100 | J8: =_xlfn.XLOOKUP($F8,raw_materials!$B:$B,raw_materials!F:F) -> GM | K8: =_xlfn.XLOOKUP($F8,raw_materials!$B:$B,raw_materials!G:G) -> All | L8: =_xlfn.XLOOKUP($F8,raw_materials!$B:$B,raw_materials!H:H) -> Roasted Cherry Tomato | M8: =_xlfn.XLOOKUP($F8,raw_materials!$B:$B,raw_materials!I:I) -> 50 | N8: =_xlfn.XLOOKUP($F8,raw_materials!$B:$B,raw_materials!J:J) -> GM | O8: =_xlfn.XLOOKUP($F8,raw_materials!$B:$B,raw_materials!K:K) -> All | P8: =_xlfn.XLOOKUP($F8,raw_materials!$B:$B,raw_materials!L:L) -> Ricotta Cheese | Q8: =_xlfn.XLOOKUP($F8,raw_materials!$B:$B,raw_materials!M:M) -> 60 | R8: =_xlfn.XLOOKUP($F8,raw_materials!$B:$B,raw_materials!N:N) -> GM | S8: =_xlfn.XLOOKUP($F8,raw_materials!$B:$B,raw_materials!O:O) -> All | T8: =_xlfn.XLOOKUP($F8,raw_materials!$B:$B,raw_materials!P:P) -> Nduja | U8: =_xlfn.XLOOKUP($F8,raw_materials!$B:$B,raw_materials!Q:Q) -> 50 | V8: =_xlfn.XLOOKUP($F8,raw_materials!$B:$B,raw_materials!R:R) -> GM | W8: =_xlfn.XLOOKUP($F8,raw_materials!$B:$B,raw_materials!S:S) -> All | X8: =_xlfn.XLOOKUP($F8,raw_materials!$B:$B,raw_materials!T:T) -> Basil Leaves | Y8: =_xlfn.XLOOKUP($F8,raw_materials!$B:$B,raw_materials!U:U) -> 10 | Z8: =_xlfn.XLOOKUP($F8,raw_materials!$B:$B,raw_materials!V:V) -> GM | AA8: =_xlfn.XLOOKUP($F8,raw_materials!$B:$B,raw_materials!W:W) -> All | AB8: =_xlfn.XLOOKUP($F8,raw_materials!$B:$B,raw_materials!X:X) -> 0 | AC8: =_xlfn.XLOOKUP($F8,raw_materials!$B:$B,raw_materials!Y:Y) -> 0 | AD8: =_xlfn.XLOOKUP($F8,raw_materials!$B:$B,raw_materials!Z:Z) -> 0 | AE8: =_xlfn.XLOOKUP($F8,raw_materials!$B:$B,raw_materials!AA:AA) -> 0 | AF8: =_xlfn.XLOOKUP($F8,raw_materials!$B:$B,raw_materials!AB:AB) -> 0 | AG8: =_xlfn.XLOOKUP($F8,raw_materials!$B:$B,raw_materials!AC:AC) -> 0 | AH8: =_xlfn.XLOOKUP($F8,raw_materials!$B:$B,raw_materials!AD:AD) -> 0 | AI8: =_xlfn.XLOOKUP($F8,raw_materials!$B:$B,raw_materials!AE:AE) -> 0 | AJ8: =_xlfn.XLOOKUP($F8,raw_materials!$B:$B,raw_materials!AF:AF) -> 0 | AK8: =_xlfn.XLOOKUP($F8,raw_materials!$B:$B,raw_materials!AG:AG) -> 0 | AL8: =_xlfn.XLOOKUP($F8,raw_materials!$B:$B,raw_materials!AH:AH) -> 0 | AM8: =_xlfn.XLOOKUP($F8,raw_materials!$B:$B,raw_materials!AI:AI) -> 0 | AN8: =_xlfn.XLOOKUP($F8,raw_materials!$B:$B,raw_materials!AJ:AJ) -> 0 | AO8: =_xlfn.XLOOKUP($F8,raw_materials!$B:$B,raw_materials!AK:AK) -> 0 | AP8: =_xlfn.XLOOKUP($F8,raw_materials!$B:$B,raw_materials!AL:AL) -> 0 | AQ8: =_xlfn.XLOOKUP($F8,raw_materials!$B:$B,raw_materials!AM:AM) -> 0 | AR8: =_xlfn.XLOOKUP($F8,raw_materials!$B:$B,raw_materials!AN:AN) -> 0 | AS8: =_xlfn.XLOOKUP($F8,raw_materials!$B:$B,raw_materials!AO:AO) -> 0 | AT8: =_xlfn.XLOOKUP($F8,raw_materials!$B:$B,raw_materials!AP:AP) -> 0 | AU8: =_xlfn.XLOOKUP($F8,raw_materials!$B:$B,raw_materials!AQ:AQ) -> 0 | AV8: =_xlfn.XLOOKUP($F8,raw_materials!$B:$B,raw_materials!AR:AR) -> 0 | AW8: =_xlfn.XLOOKUP($F8,raw_materials!$B:$B,raw_materials!AS:AS) -> 0 | AX8: =_xlfn.XLOOKUP($F8,raw_materials!$B:$B,raw_materials!AT:AT) -> 0 | AY8: =_xlfn.XLOOKUP($F8,raw_materials!$B:$B,raw_materials!AU:AU) -> 0 | AZ8: =_xlfn.XLOOKUP($F8,raw_materials!$B:$B,raw_materials!AV:AV) -> 0 | BA8: =_xlfn.XLOOKUP($F8,raw_materials!$B:$B,raw_materials!AW:AW) -> 0 | BB8: =_xlfn.XLOOKUP($F8,raw_materials!$B:$B,raw_materials!AX:AX) -> 0 | BC8: =_xlfn.XLOOKUP($F8,raw_materials!$B:$B,raw_materials!AY:AY) -> 0 | BD8: =_xlfn.XLOOKUP($F8,raw_materials!$B:$B,raw_materials!AZ:AZ) -> 0 | BE8: =_xlfn.XLOOKUP($F8,raw_materials!$B:$B,raw_materials!BA:BA) -> 0 | BF8: =_xlfn.XLOOKUP($F8,raw_materials!$B:$B,raw_materials!BB:BB) -> 0 | BG8: =_xlfn.XLOOKUP($F8,raw_materials!$B:$B,raw_materials!BC:BC) -> 0 | BH8: =_xlfn.XLOOKUP($F8,raw_materials!$B:$B,raw_materials!BD:BD) -> 0 | BI8: =_xlfn.XLOOKUP($F8,raw_materials!$B:$B,raw_materials!BE:BE) -> 0 | BJ8: =_xlfn.XLOOKUP($F8,raw_materials!$B:$B,raw_materials!BF:BF) -> 0 | BK8: =_xlfn.XLOOKUP($F8,raw_materials!$B:$B,raw_materials!BG:BG) -> 0 | BL8: =_xlfn.XLOOKUP($F8,raw_materials!$B:$B,raw_materials!BH:BH) -> 0 | BM8: =_xlfn.XLOOKUP($F8,raw_materials!$B:$B,raw_materials!BI:BI) -> 0 | BN8: =_xlfn.XLOOKUP($F8,raw_materials!$B:$B,raw_materials!BJ:BJ) -> 0 | BO8: =_xlfn.XLOOKUP($F8,raw_materials!$B:$B,raw_materials!BK:BK) -> 0
A9: 8 | B9: Bruschetta Con Pate' Di Olive | C9: Bruschetta Con Pate' Di Olive | D9: 20 | E9: 5900 | F9: Bruschetta Con Pate' Di Olive | G9: =_xlfn.XLOOKUP(F9,[1]Table0!$A:$A,[1]Table0!$B:$B) -> Pizza 1 | H9: =_xlfn.XLOOKUP($F9,raw_materials!$B:$B,raw_materials!D:D) -> Impasto Bruschetta | I9: =_xlfn.XLOOKUP($F9,raw_materials!$B:$B,raw_materials!E:E) -> 100 | J9: =_xlfn.XLOOKUP($F9,raw_materials!$B:$B,raw_materials!F:F) -> GM | K9: =_xlfn.XLOOKUP($F9,raw_materials!$B:$B,raw_materials!G:G) -> All | L9: =_xlfn.XLOOKUP($F9,raw_materials!$B:$B,raw_materials!H:H) -> Cauliflower Cream | M9: =_xlfn.XLOOKUP($F9,raw_materials!$B:$B,raw_materials!I:I) -> 80 | N9: =_xlfn.XLOOKUP($F9,raw_materials!$B:$B,raw_materials!J:J) -> GM | O9: =_xlfn.XLOOKUP($F9,raw_materials!$B:$B,raw_materials!K:K) -> All | P9: =_xlfn.XLOOKUP($F9,raw_materials!$B:$B,raw_materials!L:L) -> Olive Paste | Q9: =_xlfn.XLOOKUP($F9,raw_materials!$B:$B,raw_materials!M:M) -> 40 | R9: =_xlfn.XLOOKUP($F9,raw_materials!$B:$B,raw_materials!N:N) -> GM | S9: =_xlfn.XLOOKUP($F9,raw_materials!$B:$B,raw_materials!O:O) -> All | T9: =_xlfn.XLOOKUP($F9,raw_materials!$B:$B,raw_materials!P:P) -> 0 | U9: =_xlfn.XLOOKUP($F9,raw_materials!$B:$B,raw_materials!Q:Q) -> 0 | V9: =_xlfn.XLOOKUP($F9,raw_materials!$B:$B,raw_materials!R:R) -> 0 | W9: =_xlfn.XLOOKUP($F9,raw_materials!$B:$B,raw_materials!S:S) -> 0 | X9: =_xlfn.XLOOKUP($F9,raw_materials!$B:$B,raw_materials!T:T) -> 0 | Y9: =_xlfn.XLOOKUP($F9,raw_materials!$B:$B,raw_materials!U:U) -> 0 | Z9: =_xlfn.XLOOKUP($F9,raw_materials!$B:$B,raw_materials!V:V) -> 0 | AA9: =_xlfn.XLOOKUP($F9,raw_materials!$B:$B,raw_materials!W:W) -> 0 | AB9: =_xlfn.XLOOKUP($F9,raw_materials!$B:$B,raw_materials!X:X) -> 0 | AC9: =_xlfn.XLOOKUP($F9,raw_materials!$B:$B,raw_materials!Y:Y) -> 0 | AD9: =_xlfn.XLOOKUP($F9,raw_materials!$B:$B,raw_materials!Z:Z) -> 0 | AE9: =_xlfn.XLOOKUP($F9,raw_materials!$B:$B,raw_materials!AA:AA) -> 0 | AF9: =_xlfn.XLOOKUP($F9,raw_materials!$B:$B,raw_materials!AB:AB) -> 0 | AG9: =_xlfn.XLOOKUP($F9,raw_materials!$B:$B,raw_materials!AC:AC) -> 0 | AH9: =_xlfn.XLOOKUP($F9,raw_materials!$B:$B,raw_materials!AD:AD) -> 0 | AI9: =_xlfn.XLOOKUP($F9,raw_materials!$B:$B,raw_materials!AE:AE) -> 0 | AJ9: =_xlfn.XLOOKUP($F9,raw_materials!$B:$B,raw_materials!AF:AF) -> 0 | AK9: =_xlfn.XLOOKUP($F9,raw_materials!$B:$B,raw_materials!AG:AG) -> 0 | AL9: =_xlfn.XLOOKUP($F9,raw_materials!$B:$B,raw_materials!AH:AH) -> 0 | AM9: =_xlfn.XLOOKUP($F9,raw_materials!$B:$B,raw_materials!AI:AI) -> 0 | AN9: =_xlfn.XLOOKUP($F9,raw_materials!$B:$B,raw_materials!AJ:AJ) -> 0 | AO9: =_xlfn.XLOOKUP($F9,raw_materials!$B:$B,raw_materials!AK:AK) -> 0 | AP9: =_xlfn.XLOOKUP($F9,raw_materials!$B:$B,raw_materials!AL:AL) -> 0 | AQ9: =_xlfn.XLOOKUP($F9,raw_materials!$B:$B,raw_materials!AM:AM) -> 0 | AR9: =_xlfn.XLOOKUP($F9,raw_materials!$B:$B,raw_materials!AN:AN) -> 0 | AS9: =_xlfn.XLOOKUP($F9,raw_materials!$B:$B,raw_materials!AO:AO) -> 0 | AT9: =_xlfn.XLOOKUP($F9,raw_materials!$B:$B,raw_materials!AP:AP) -> 0 | AU9: =_xlfn.XLOOKUP($F9,raw_materials!$B:$B,raw_materials!AQ:AQ) -> 0 | AV9: =_xlfn.XLOOKUP($F9,raw_materials!$B:$B,raw_materials!AR:AR) -> 0 | AW9: =_xlfn.XLOOKUP($F9,raw_materials!$B:$B,raw_materials!AS:AS) -> 0 | AX9: =_xlfn.XLOOKUP($F9,raw_materials!$B:$B,raw_materials!AT:AT) -> 0 | AY9: =_xlfn.XLOOKUP($F9,raw_materials!$B:$B,raw_materials!AU:AU) -> 0 | AZ9: =_xlfn.XLOOKUP($F9,raw_materials!$B:$B,raw_materials!AV:AV) -> 0 | BA9: =_xlfn.XLOOKUP($F9,raw_materials!$B:$B,raw_materials!AW:AW) -> 0 | BB9: =_xlfn.XLOOKUP($F9,raw_materials!$B:$B,raw_materials!AX:AX) -> 0 | BC9: =_xlfn.XLOOKUP($F9,raw_materials!$B:$B,raw_materials!AY:AY) -> 0 | BD9: =_xlfn.XLOOKUP($F9,raw_materials!$B:$B,raw_materials!AZ:AZ) -> 0 | BE9: =_xlfn.XLOOKUP($F9,raw_materials!$B:$B,raw_materials!BA:BA) -> 0 | BF9: =_xlfn.XLOOKUP($F9,raw_materials!$B:$B,raw_materials!BB:BB) -> 0 | BG9: =_xlfn.XLOOKUP($F9,raw_materials!$B:$B,raw_materials!BC:BC) -> 0 | BH9: =_xlfn.XLOOKUP($F9,raw_materials!$B:$B,raw_materials!BD:BD) -> 0 | BI9: =_xlfn.XLOOKUP($F9,raw_materials!$B:$B,raw_materials!BE:BE) -> 0 | BJ9: =_xlfn.XLOOKUP($F9,raw_materials!$B:$B,raw_materials!BF:BF) -> 0 | BK9: =_xlfn.XLOOKUP($F9,raw_materials!$B:$B,raw_materials!BG:BG) -> 0 | BL9: =_xlfn.XLOOKUP($F9,raw_materials!$B:$B,raw_materials!BH:BH) -> 0 | BM9: =_xlfn.XLOOKUP($F9,raw_materials!$B:$B,raw_materials!BI:BI) -> 0 | BN9: =_xlfn.XLOOKUP($F9,raw_materials!$B:$B,raw_materials!BJ:BJ) -> 0 | BO9: =_xlfn.XLOOKUP($F9,raw_materials!$B:$B,raw_materials!BK:BK) -> 0
A10: 9 | B10: Vellutata Di Zucca Con Funghi | C10: Vellutata Di Zucca Con Funghi | D10: 30 | E10: 9100 | F10: Vellutata Di Zucca Con Funghi | G10: =_xlfn.XLOOKUP(F10,[1]Table0!$A:$A,[1]Table0!$B:$B) -> Italian 1 | H10: =_xlfn.XLOOKUP($F10,raw_materials!$B:$B,raw_materials!D:D) -> Crema Di Zucca | I10: =_xlfn.XLOOKUP($F10,raw_materials!$B:$B,raw_materials!E:E) -> 200 | J10: =_xlfn.XLOOKUP($F10,raw_materials!$B:$B,raw_materials!F:F) -> GM | K10: =_xlfn.XLOOKUP($F10,raw_materials!$B:$B,raw_materials!G:G) -> All | L10: =_xlfn.XLOOKUP($F10,raw_materials!$B:$B,raw_materials!H:H) -> Funghi Button Trifolati | M10: =_xlfn.XLOOKUP($F10,raw_materials!$B:$B,raw_materials!I:I) -> 15 | N10: =_xlfn.XLOOKUP($F10,raw_materials!$B:$B,raw_materials!J:J) -> GM | O10: =_xlfn.XLOOKUP($F10,raw_materials!$B:$B,raw_materials!K:K) -> All | P10: =_xlfn.XLOOKUP($F10,raw_materials!$B:$B,raw_materials!L:L) -> Crema Di Blue Cheese | Q10: =_xlfn.XLOOKUP($F10,raw_materials!$B:$B,raw_materials!M:M) -> 15 | R10: =_xlfn.XLOOKUP($F10,raw_materials!$B:$B,raw_materials!N:N) -> GM | S10: =_xlfn.XLOOKUP($F10,raw_materials!$B:$B,raw_materials!O:O) -> All | T10: =_xlfn.XLOOKUP($F10,raw_materials!$B:$B,raw_materials!P:P) -> Impasto Bruschetta | U10: =_xlfn.XLOOKUP($F10,raw_materials!$B:$B,raw_materials!Q:Q) -> 40 | V10: =_xlfn.XLOOKUP($F10,raw_materials!$B:$B,raw_materials!R:R) -> GM | W10: =_xlfn.XLOOKUP($F10,raw_materials!$B:$B,raw_materials!S:S) -> All | X10: =_xlfn.XLOOKUP($F10,raw_materials!$B:$B,raw_materials!T:T) -> 0 | Y10: =_xlfn.XLOOKUP($F10,raw_materials!$B:$B,raw_materials!U:U) -> 0 | Z10: =_xlfn.XLOOKUP($F10,raw_materials!$B:$B,raw_materials!V:V) -> 0 | AA10: =_xlfn.XLOOKUP($F10,raw_materials!$B:$B,raw_materials!W:W) -> 0 | AB10: =_xlfn.XLOOKUP($F10,raw_materials!$B:$B,raw_materials!X:X) -> 0 | AC10: =_xlfn.XLOOKUP($F10,raw_materials!$B:$B,raw_materials!Y:Y) -> 0 | AD10: =_xlfn.XLOOKUP($F10,raw_materials!$B:$B,raw_materials!Z:Z) -> 0 | AE10: =_xlfn.XLOOKUP($F10,raw_materials!$B:$B,raw_materials!AA:AA) -> 0 | AF10: =_xlfn.XLOOKUP($F10,raw_materials!$B:$B,raw_materials!AB:AB) -> 0 | AG10: =_xlfn.XLOOKUP($F10,raw_materials!$B:$B,raw_materials!AC:AC) -> 0 | AH10: =_xlfn.XLOOKUP($F10,raw_materials!$B:$B,raw_materials!AD:AD) -> 0 | AI10: =_xlfn.XLOOKUP($F10,raw_materials!$B:$B,raw_materials!AE:AE) -> 0 | AJ10: =_xlfn.XLOOKUP($F10,raw_materials!$B:$B,raw_materials!AF:AF) -> 0 | AK10: =_xlfn.XLOOKUP($F10,raw_materials!$B:$B,raw_materials!AG:AG) -> 0 | AL10: =_xlfn.XLOOKUP($F10,raw_materials!$B:$B,raw_materials!AH:AH) -> 0 | AM10: =_xlfn.XLOOKUP($F10,raw_materials!$B:$B,raw_materials!AI:AI) -> 0 | AN10: =_xlfn.XLOOKUP($F10,raw_materials!$B:$B,raw_materials!AJ:AJ) -> 0 | AO10: =_xlfn.XLOOKUP($F10,raw_materials!$B:$B,raw_materials!AK:AK) -> 0 | AP10: =_xlfn.XLOOKUP($F10,raw_materials!$B:$B,raw_materials!AL:AL) -> 0 | AQ10: =_xlfn.XLOOKUP($F10,raw_materials!$B:$B,raw_materials!AM:AM) -> 0 | AR10: =_xlfn.XLOOKUP($F10,raw_materials!$B:$B,raw_materials!AN:AN) -> 0 | AS10: =_xlfn.XLOOKUP($F10,raw_materials!$B:$B,raw_materials!AO:AO) -> 0 | AT10: =_xlfn.XLOOKUP($F10,raw_materials!$B:$B,raw_materials!AP:AP) -> 0 | AU10: =_xlfn.XLOOKUP($F10,raw_materials!$B:$B,raw_materials!AQ:AQ) -> 0 | AV10: =_xlfn.XLOOKUP($F10,raw_materials!$B:$B,raw_materials!AR:AR) -> 0 | AW10: =_xlfn.XLOOKUP($F10,raw_materials!$B:$B,raw_materials!AS:AS) -> 0 | AX10: =_xlfn.XLOOKUP($F10,raw_materials!$B:$B,raw_materials!AT:AT) -> 0 | AY10: =_xlfn.XLOOKUP($F10,raw_materials!$B:$B,raw_materials!AU:AU) -> 0 | AZ10: =_xlfn.XLOOKUP($F10,raw_materials!$B:$B,raw_materials!AV:AV) -> 0 | BA10: =_xlfn.XLOOKUP($F10,raw_materials!$B:$B,raw_materials!AW:AW) -> 0 | BB10: =_xlfn.XLOOKUP($F10,raw_materials!$B:$B,raw_materials!AX:AX) -> 0 | BC10: =_xlfn.XLOOKUP($F10,raw_materials!$B:$B,raw_materials!AY:AY) -> 0 | BD10: =_xlfn.XLOOKUP($F10,raw_materials!$B:$B,raw_materials!AZ:AZ) -> 0 | BE10: =_xlfn.XLOOKUP($F10,raw_materials!$B:$B,raw_materials!BA:BA) -> 0 | BF10: =_xlfn.XLOOKUP($F10,raw_materials!$B:$B,raw_materials!BB:BB) -> 0 | BG10: =_xlfn.XLOOKUP($F10,raw_materials!$B:$B,raw_materials!BC:BC) -> 0 | BH10: =_xlfn.XLOOKUP($F10,raw_materials!$B:$B,raw_materials!BD:BD) -> 0 | BI10: =_xlfn.XLOOKUP($F10,raw_materials!$B:$B,raw_materials!BE:BE) -> 0 | BJ10: =_xlfn.XLOOKUP($F10,raw_materials!$B:$B,raw_materials!BF:BF) -> 0 | BK10: =_xlfn.XLOOKUP($F10,raw_materials!$B:$B,raw_materials!BG:BG) -> 0 | BL10: =_xlfn.XLOOKUP($F10,raw_materials!$B:$B,raw_materials!BH:BH) -> 0 | BM10: =_xlfn.XLOOKUP($F10,raw_materials!$B:$B,raw_materials!BI:BI) -> 0 | BN10: =_xlfn.XLOOKUP($F10,raw_materials!$B:$B,raw_materials!BJ:BJ) -> 0 | BO10: =_xlfn.XLOOKUP($F10,raw_materials!$B:$B,raw_materials!BK:BK) -> 0
A11: 10 | B11: Minestrone Con Polpette | C11: Minestrone Con Polpette | D11: 15 | E11: 5475 | F11: Minestrone Con Polpette | G11: =_xlfn.XLOOKUP(F11,[1]Table0!$A:$A,[1]Table0!$B:$B) -> Italian 1 | H11: =_xlfn.XLOOKUP($F11,raw_materials!$B:$B,raw_materials!D:D) -> Minestrone | I11: =_xlfn.XLOOKUP($F11,raw_materials!$B:$B,raw_materials!E:E) -> 250 | J11: =_xlfn.XLOOKUP($F11,raw_materials!$B:$B,raw_materials!F:F) -> GM | K11: =_xlfn.XLOOKUP($F11,raw_materials!$B:$B,raw_materials!G:G) -> All | L11: =_xlfn.XLOOKUP($F11,raw_materials!$B:$B,raw_materials!H:H) -> Polpetta Di Pollo | M11: =_xlfn.XLOOKUP($F11,raw_materials!$B:$B,raw_materials!I:I) -> 75 | N11: =_xlfn.XLOOKUP($F11,raw_materials!$B:$B,raw_materials!J:J) -> GM | O11: =_xlfn.XLOOKUP($F11,raw_materials!$B:$B,raw_materials!K:K) -> All | P11: =_xlfn.XLOOKUP($F11,raw_materials!$B:$B,raw_materials!L:L) -> Grana Padano | Q11: =_xlfn.XLOOKUP($F11,raw_materials!$B:$B,raw_materials!M:M) -> 20 | R11: =_xlfn.XLOOKUP($F11,raw_materials!$B:$B,raw_materials!N:N) -> GM | S11: =_xlfn.XLOOKUP($F11,raw_materials!$B:$B,raw_materials!O:O) -> All | T11: =_xlfn.XLOOKUP($F11,raw_materials!$B:$B,raw_materials!P:P) -> Impasto Bruschetta | U11: =_xlfn.XLOOKUP($F11,raw_materials!$B:$B,raw_materials!Q:Q) -> 50 | V11: =_xlfn.XLOOKUP($F11,raw_materials!$B:$B,raw_materials!R:R) -> GM | W11: =_xlfn.XLOOKUP($F11,raw_materials!$B:$B,raw_materials!S:S) -> All | X11: =_xlfn.XLOOKUP($F11,raw_materials!$B:$B,raw_materials!T:T) -> 0 | Y11: =_xlfn.XLOOKUP($F11,raw_materials!$B:$B,raw_materials!U:U) -> 0 | Z11: =_xlfn.XLOOKUP($F11,raw_materials!$B:$B,raw_materials!V:V) -> 0 | AA11: =_xlfn.XLOOKUP($F11,raw_materials!$B:$B,raw_materials!W:W) -> 0 | AB11: =_xlfn.XLOOKUP($F11,raw_materials!$B:$B,raw_materials!X:X) -> 0 | AC11: =_xlfn.XLOOKUP($F11,raw_materials!$B:$B,raw_materials!Y:Y) -> 0 | AD11: =_xlfn.XLOOKUP($F11,raw_materials!$B:$B,raw_materials!Z:Z) -> 0 | AE11: =_xlfn.XLOOKUP($F11,raw_materials!$B:$B,raw_materials!AA:AA) -> 0 | AF11: =_xlfn.XLOOKUP($F11,raw_materials!$B:$B,raw_materials!AB:AB) -> 0 | AG11: =_xlfn.XLOOKUP($F11,raw_materials!$B:$B,raw_materials!AC:AC) -> 0 | AH11: =_xlfn.XLOOKUP($F11,raw_materials!$B:$B,raw_materials!AD:AD) -> 0 | AI11: =_xlfn.XLOOKUP($F11,raw_materials!$B:$B,raw_materials!AE:AE) -> 0 | AJ11: =_xlfn.XLOOKUP($F11,raw_materials!$B:$B,raw_materials!AF:AF) -> 0 | AK11: =_xlfn.XLOOKUP($F11,raw_materials!$B:$B,raw_materials!AG:AG) -> 0 | AL11: =_xlfn.XLOOKUP($F11,raw_materials!$B:$B,raw_materials!AH:AH) -> 0 | AM11: =_xlfn.XLOOKUP($F11,raw_materials!$B:$B,raw_materials!AI:AI) -> 0 | AN11: =_xlfn.XLOOKUP($F11,raw_materials!$B:$B,raw_materials!AJ:AJ) -> 0 | AO11: =_xlfn.XLOOKUP($F11,raw_materials!$B:$B,raw_materials!AK:AK) -> 0 | AP11: =_xlfn.XLOOKUP($F11,raw_materials!$B:$B,raw_materials!AL:AL) -> 0 | AQ11: =_xlfn.XLOOKUP($F11,raw_materials!$B:$B,raw_materials!AM:AM) -> 0 | AR11: =_xlfn.XLOOKUP($F11,raw_materials!$B:$B,raw_materials!AN:AN) -> 0 | AS11: =_xlfn.XLOOKUP($F11,raw_materials!$B:$B,raw_materials!AO:AO) -> 0 | AT11: =_xlfn.XLOOKUP($F11,raw_materials!$B:$B,raw_materials!AP:AP) -> 0 | AU11: =_xlfn.XLOOKUP($F11,raw_materials!$B:$B,raw_materials!AQ:AQ) -> 0 | AV11: =_xlfn.XLOOKUP($F11,raw_materials!$B:$B,raw_materials!AR:AR) -> 0 | AW11: =_xlfn.XLOOKUP($F11,raw_materials!$B:$B,raw_materials!AS:AS) -> 0 | AX11: =_xlfn.XLOOKUP($F11,raw_materials!$B:$B,raw_materials!AT:AT) -> 0 | AY11: =_xlfn.XLOOKUP($F11,raw_materials!$B:$B,raw_materials!AU:AU) -> 0 | AZ11: =_xlfn.XLOOKUP($F11,raw_materials!$B:$B,raw_materials!AV:AV) -> 0 | BA11: =_xlfn.XLOOKUP($F11,raw_materials!$B:$B,raw_materials!AW:AW) -> 0 | BB11: =_xlfn.XLOOKUP($F11,raw_materials!$B:$B,raw_materials!AX:AX) -> 0 | BC11: =_xlfn.XLOOKUP($F11,raw_materials!$B:$B,raw_materials!AY:AY) -> 0 | BD11: =_xlfn.XLOOKUP($F11,raw_materials!$B:$B,raw_materials!AZ:AZ) -> 0 | BE11: =_xlfn.XLOOKUP($F11,raw_materials!$B:$B,raw_materials!BA:BA) -> 0 | BF11: =_xlfn.XLOOKUP($F11,raw_materials!$B:$B,raw_materials!BB:BB) -> 0 | BG11: =_xlfn.XLOOKUP($F11,raw_materials!$B:$B,raw_materials!BC:BC) -> 0 | BH11: =_xlfn.XLOOKUP($F11,raw_materials!$B:$B,raw_materials!BD:BD) -> 0 | BI11: =_xlfn.XLOOKUP($F11,raw_materials!$B:$B,raw_materials!BE:BE) -> 0 | BJ11: =_xlfn.XLOOKUP($F11,raw_materials!$B:$B,raw_materials!BF:BF) -> 0 | BK11: =_xlfn.XLOOKUP($F11,raw_materials!$B:$B,raw_materials!BG:BG) -> 0 | BL11: =_xlfn.XLOOKUP($F11,raw_materials!$B:$B,raw_materials!BH:BH) -> 0 | BM11: =_xlfn.XLOOKUP($F11,raw_materials!$B:$B,raw_materials!BI:BI) -> 0 | BN11: =_xlfn.XLOOKUP($F11,raw_materials!$B:$B,raw_materials!BJ:BJ) -> 0 | BO11: =_xlfn.XLOOKUP($F11,raw_materials!$B:$B,raw_materials!BK:BK) -> 0
A12: 11 | B12: Insalata Mista Con Mozzarella Salad | C12: Insalata Mista Con Mozzarella Salad | D12: 24 | E12: 7150 | F12: Insalata Mista Con Mozzarella Salad | G12: =_xlfn.XLOOKUP(F12,[1]Table0!$A:$A,[1]Table0!$B:$B) -> Italian 1 | H12: =_xlfn.XLOOKUP($F12,raw_materials!$B:$B,raw_materials!D:D) -> Kalamata Pitted Olives 3.6 Kg | I12: =_xlfn.XLOOKUP($F12,raw_materials!$B:$B,raw_materials!E:E) -> 15 | J12: =_xlfn.XLOOKUP($F12,raw_materials!$B:$B,raw_materials!F:F) -> GM | K12: =_xlfn.XLOOKUP($F12,raw_materials!$B:$B,raw_materials!G:G) -> All | L12: =_xlfn.XLOOKUP($F12,raw_materials!$B:$B,raw_materials!H:H) -> Jivo Extra Olive Oil | M12: =_xlfn.XLOOKUP($F12,raw_materials!$B:$B,raw_materials!I:I) -> 20 | N12: =_xlfn.XLOOKUP($F12,raw_materials!$B:$B,raw_materials!J:J) -> ML | O12: =_xlfn.XLOOKUP($F12,raw_materials!$B:$B,raw_materials!K:K) -> All | P12: =_xlfn.XLOOKUP($F12,raw_materials!$B:$B,raw_materials!L:L) -> Table Salt | Q12: =_xlfn.XLOOKUP($F12,raw_materials!$B:$B,raw_materials!M:M) -> 2 | R12: =_xlfn.XLOOKUP($F12,raw_materials!$B:$B,raw_materials!N:N) -> GM | S12: =_xlfn.XLOOKUP($F12,raw_materials!$B:$B,raw_materials!O:O) -> All | T12: =_xlfn.XLOOKUP($F12,raw_materials!$B:$B,raw_materials!P:P) -> Tomato Cherry | U12: =_xlfn.XLOOKUP($F12,raw_materials!$B:$B,raw_materials!Q:Q) -> 50 | V12: =_xlfn.XLOOKUP($F12,raw_materials!$B:$B,raw_materials!R:R) -> GM | W12: =_xlfn.XLOOKUP($F12,raw_materials!$B:$B,raw_materials!S:S) -> All | X12: =_xlfn.XLOOKUP($F12,raw_materials!$B:$B,raw_materials!T:T) -> Rocket Lettuce | Y12: =_xlfn.XLOOKUP($F12,raw_materials!$B:$B,raw_materials!U:U) -> 30 | Z12: =_xlfn.XLOOKUP($F12,raw_materials!$B:$B,raw_materials!V:V) -> GM | AA12: =_xlfn.XLOOKUP($F12,raw_materials!$B:$B,raw_materials!W:W) -> All | AB12: =_xlfn.XLOOKUP($F12,raw_materials!$B:$B,raw_materials!X:X) -> English Cucumber Europeans Cucumber | AC12: =_xlfn.XLOOKUP($F12,raw_materials!$B:$B,raw_materials!Y:Y) -> 50 | AD12: =_xlfn.XLOOKUP($F12,raw_materials!$B:$B,raw_materials!Z:Z) -> GM | AE12: =_xlfn.XLOOKUP($F12,raw_materials!$B:$B,raw_materials!AA:AA) -> All | AF12: =_xlfn.XLOOKUP($F12,raw_materials!$B:$B,raw_materials!AB:AB) -> Iceberg Lettuce | AG12: =_xlfn.XLOOKUP($F12,raw_materials!$B:$B,raw_materials!AC:AC) -> 80 | AH12: =_xlfn.XLOOKUP($F12,raw_materials!$B:$B,raw_materials!AD:AD) -> GM | AI12: =_xlfn.XLOOKUP($F12,raw_materials!$B:$B,raw_materials!AE:AE) -> All | AJ12: =_xlfn.XLOOKUP($F12,raw_materials!$B:$B,raw_materials!AF:AF) -> Bocconcini Mozzarella | AK12: =_xlfn.XLOOKUP($F12,raw_materials!$B:$B,raw_materials!AG:AG) -> 25 | AL12: =_xlfn.XLOOKUP($F12,raw_materials!$B:$B,raw_materials!AH:AH) -> GM | AM12: =_xlfn.XLOOKUP($F12,raw_materials!$B:$B,raw_materials!AI:AI) -> All | AN12: =_xlfn.XLOOKUP($F12,raw_materials!$B:$B,raw_materials!AJ:AJ) -> Lollo Rosso Lettuce | AO12: =_xlfn.XLOOKUP($F12,raw_materials!$B:$B,raw_materials!AK:AK) -> 50 | AP12: =_xlfn.XLOOKUP($F12,raw_materials!$B:$B,raw_materials!AL:AL) -> GM | AQ12: =_xlfn.XLOOKUP($F12,raw_materials!$B:$B,raw_materials!AM:AM) -> All | AR12: =_xlfn.XLOOKUP($F12,raw_materials!$B:$B,raw_materials!AN:AN) -> Grana Padano | AS12: =_xlfn.XLOOKUP($F12,raw_materials!$B:$B,raw_materials!AO:AO) -> 15 | AT12: =_xlfn.XLOOKUP($F12,raw_materials!$B:$B,raw_materials!AP:AP) -> GM | AU12: =_xlfn.XLOOKUP($F12,raw_materials!$B:$B,raw_materials!AQ:AQ) -> All | AV12: =_xlfn.XLOOKUP($F12,raw_materials!$B:$B,raw_materials!AR:AR) -> 0 | AW12: =_xlfn.XLOOKUP($F12,raw_materials!$B:$B,raw_materials!AS:AS) -> 0 | AX12: =_xlfn.XLOOKUP($F12,raw_materials!$B:$B,raw_materials!AT:AT) -> 0 | AY12: =_xlfn.XLOOKUP($F12,raw_materials!$B:$B,raw_materials!AU:AU) -> 0 | AZ12: =_xlfn.XLOOKUP($F12,raw_materials!$B:$B,raw_materials!AV:AV) -> 0 | BA12: =_xlfn.XLOOKUP($F12,raw_materials!$B:$B,raw_materials!AW:AW) -> 0 | BB12: =_xlfn.XLOOKUP($F12,raw_materials!$B:$B,raw_materials!AX:AX) -> 0 | BC12: =_xlfn.XLOOKUP($F12,raw_materials!$B:$B,raw_materials!AY:AY) -> 0 | BD12: =_xlfn.XLOOKUP($F12,raw_materials!$B:$B,raw_materials!AZ:AZ) -> 0 | BE12: =_xlfn.XLOOKUP($F12,raw_materials!$B:$B,raw_materials!BA:BA) -> 0 | BF12: =_xlfn.XLOOKUP($F12,raw_materials!$B:$B,raw_materials!BB:BB) -> 0 | BG12: =_xlfn.XLOOKUP($F12,raw_materials!$B:$B,raw_materials!BC:BC) -> 0 | BH12: =_xlfn.XLOOKUP($F12,raw_materials!$B:$B,raw_materials!BD:BD) -> 0 | BI12: =_xlfn.XLOOKUP($F12,raw_materials!$B:$B,raw_materials!BE:BE) -> 0 | BJ12: =_xlfn.XLOOKUP($F12,raw_materials!$B:$B,raw_materials!BF:BF) -> 0 | BK12: =_xlfn.XLOOKUP($F12,raw_materials!$B:$B,raw_materials!BG:BG) -> 0 | BL12: =_xlfn.XLOOKUP($F12,raw_materials!$B:$B,raw_materials!BH:BH) -> 0 | BM12: =_xlfn.XLOOKUP($F12,raw_materials!$B:$B,raw_materials!BI:BI) -> 0 | BN12: =_xlfn.XLOOKUP($F12,raw_materials!$B:$B,raw_materials!BJ:BJ) -> 0 | BO12: =_xlfn.XLOOKUP($F12,raw_materials!$B:$B,raw_materials!BK:BK) -> 0
A13: 12 | B13: Insalata Mista Con Pollo Salad | C13: Insalata Mista Con Pollo Salad | D13: 19 | E13: 3450 | F13: Insalata Mista Con Pollo Salad | G13: =_xlfn.XLOOKUP(F13,[1]Table0!$A:$A,[1]Table0!$B:$B) -> Italian 1 | H13: =_xlfn.XLOOKUP($F13,raw_materials!$B:$B,raw_materials!D:D) -> Grill Chicken Italian | I13: =_xlfn.XLOOKUP($F13,raw_materials!$B:$B,raw_materials!E:E) -> 80 | J13: =_xlfn.XLOOKUP($F13,raw_materials!$B:$B,raw_materials!F:F) -> GM | K13: =_xlfn.XLOOKUP($F13,raw_materials!$B:$B,raw_materials!G:G) -> All | L13: =_xlfn.XLOOKUP($F13,raw_materials!$B:$B,raw_materials!H:H) -> Jivo Extra Olive Oil | M13: =_xlfn.XLOOKUP($F13,raw_materials!$B:$B,raw_materials!I:I) -> 20 | N13: =_xlfn.XLOOKUP($F13,raw_materials!$B:$B,raw_materials!J:J) -> ML | O13: =_xlfn.XLOOKUP($F13,raw_materials!$B:$B,raw_materials!K:K) -> All | P13: =_xlfn.XLOOKUP($F13,raw_materials!$B:$B,raw_materials!L:L) -> Table Salt | Q13: =_xlfn.XLOOKUP($F13,raw_materials!$B:$B,raw_materials!M:M) -> 1 | R13: =_xlfn.XLOOKUP($F13,raw_materials!$B:$B,raw_materials!N:N) -> GM | S13: =_xlfn.XLOOKUP($F13,raw_materials!$B:$B,raw_materials!O:O) -> All | T13: =_xlfn.XLOOKUP($F13,raw_materials!$B:$B,raw_materials!P:P) -> Tomato Cherry | U13: =_xlfn.XLOOKUP($F13,raw_materials!$B:$B,raw_materials!Q:Q) -> 50 | V13: =_xlfn.XLOOKUP($F13,raw_materials!$B:$B,raw_materials!R:R) -> GM | W13: =_xlfn.XLOOKUP($F13,raw_materials!$B:$B,raw_materials!S:S) -> All | X13: =_xlfn.XLOOKUP($F13,raw_materials!$B:$B,raw_materials!T:T) -> Kalamata Pitted Olives 3.6 Kg | Y13: =_xlfn.XLOOKUP($F13,raw_materials!$B:$B,raw_materials!U:U) -> 15 | Z13: =_xlfn.XLOOKUP($F13,raw_materials!$B:$B,raw_materials!V:V) -> GM | AA13: =_xlfn.XLOOKUP($F13,raw_materials!$B:$B,raw_materials!W:W) -> All | AB13: =_xlfn.XLOOKUP($F13,raw_materials!$B:$B,raw_materials!X:X) -> Rocket Lettuce | AC13: =_xlfn.XLOOKUP($F13,raw_materials!$B:$B,raw_materials!Y:Y) -> 30 | AD13: =_xlfn.XLOOKUP($F13,raw_materials!$B:$B,raw_materials!Z:Z) -> GM | AE13: =_xlfn.XLOOKUP($F13,raw_materials!$B:$B,raw_materials!AA:AA) -> All | AF13: =_xlfn.XLOOKUP($F13,raw_materials!$B:$B,raw_materials!AB:AB) -> Lollo Rosso Lettuce | AG13: =_xlfn.XLOOKUP($F13,raw_materials!$B:$B,raw_materials!AC:AC) -> 40 | AH13: =_xlfn.XLOOKUP($F13,raw_materials!$B:$B,raw_materials!AD:AD) -> GM | AI13: =_xlfn.XLOOKUP($F13,raw_materials!$B:$B,raw_materials!AE:AE) -> All | AJ13: =_xlfn.XLOOKUP($F13,raw_materials!$B:$B,raw_materials!AF:AF) -> English Cucumber Europeans Cucumber | AK13: =_xlfn.XLOOKUP($F13,raw_materials!$B:$B,raw_materials!AG:AG) -> 50 | AL13: =_xlfn.XLOOKUP($F13,raw_materials!$B:$B,raw_materials!AH:AH) -> GM | AM13: =_xlfn.XLOOKUP($F13,raw_materials!$B:$B,raw_materials!AI:AI) -> All | AN13: =_xlfn.XLOOKUP($F13,raw_materials!$B:$B,raw_materials!AJ:AJ) -> Iceberg Lettuce | AO13: =_xlfn.XLOOKUP($F13,raw_materials!$B:$B,raw_materials!AK:AK) -> 80 | AP13: =_xlfn.XLOOKUP($F13,raw_materials!$B:$B,raw_materials!AL:AL) -> GM | AQ13: =_xlfn.XLOOKUP($F13,raw_materials!$B:$B,raw_materials!AM:AM) -> All | AR13: =_xlfn.XLOOKUP($F13,raw_materials!$B:$B,raw_materials!AN:AN) -> Grana Padano | AS13: =_xlfn.XLOOKUP($F13,raw_materials!$B:$B,raw_materials!AO:AO) -> 15 | AT13: =_xlfn.XLOOKUP($F13,raw_materials!$B:$B,raw_materials!AP:AP) -> GM | AU13: =_xlfn.XLOOKUP($F13,raw_materials!$B:$B,raw_materials!AQ:AQ) -> All | AV13: =_xlfn.XLOOKUP($F13,raw_materials!$B:$B,raw_materials!AR:AR) -> 0 | AW13: =_xlfn.XLOOKUP($F13,raw_materials!$B:$B,raw_materials!AS:AS) -> 0 | AX13: =_xlfn.XLOOKUP($F13,raw_materials!$B:$B,raw_materials!AT:AT) -> 0 | AY13: =_xlfn.XLOOKUP($F13,raw_materials!$B:$B,raw_materials!AU:AU) -> 0 | AZ13: =_xlfn.XLOOKUP($F13,raw_materials!$B:$B,raw_materials!AV:AV) -> 0 | BA13: =_xlfn.XLOOKUP($F13,raw_materials!$B:$B,raw_materials!AW:AW) -> 0 | BB13: =_xlfn.XLOOKUP($F13,raw_materials!$B:$B,raw_materials!AX:AX) -> 0 | BC13: =_xlfn.XLOOKUP($F13,raw_materials!$B:$B,raw_materials!AY:AY) -> 0 | BD13: =_xlfn.XLOOKUP($F13,raw_materials!$B:$B,raw_materials!AZ:AZ) -> 0 | BE13: =_xlfn.XLOOKUP($F13,raw_materials!$B:$B,raw_materials!BA:BA) -> 0 | BF13: =_xlfn.XLOOKUP($F13,raw_materials!$B:$B,raw_materials!BB:BB) -> 0 | BG13: =_xlfn.XLOOKUP($F13,raw_materials!$B:$B,raw_materials!BC:BC) -> 0 | BH13: =_xlfn.XLOOKUP($F13,raw_materials!$B:$B,raw_materials!BD:BD) -> 0 | BI13: =_xlfn.XLOOKUP($F13,raw_materials!$B:$B,raw_materials!BE:BE) -> 0 | BJ13: =_xlfn.XLOOKUP($F13,raw_materials!$B:$B,raw_materials!BF:BF) -> 0 | BK13: =_xlfn.XLOOKUP($F13,raw_materials!$B:$B,raw_materials!BG:BG) -> 0 | BL13: =_xlfn.XLOOKUP($F13,raw_materials!$B:$B,raw_materials!BH:BH) -> 0 | BM13: =_xlfn.XLOOKUP($F13,raw_materials!$B:$B,raw_materials!BI:BI) -> 0 | BN13: =_xlfn.XLOOKUP($F13,raw_materials!$B:$B,raw_materials!BJ:BJ) -> 0 | BO13: =_xlfn.XLOOKUP($F13,raw_materials!$B:$B,raw_materials!BK:BK) -> 0
... A308: 307 | B308: Caramelized Chicken Pizza Half | C308: Caramelized Chicken Pizza Half | D308: 1 | E308: 275 | F308: Caramelized Chicken Pizza Half | G308: =_xlfn.XLOOKUP(F308,[1]Table0!$A:$A,[1]Table0!$B:$B) -> Pizza 1 | H308: =_xlfn.XLOOKUP($F308,raw_materials!$B:$B,raw_materials!D:D) -> Impasto Pizza | I308: =_xlfn.XLOOKUP($F308,raw_materials!$B:$B,raw_materials!E:E) -> 140 | J308: =_xlfn.XLOOKUP($F308,raw_materials!$B:$B,raw_materials!F:F) -> GM | K308: =_xlfn.XLOOKUP($F308,raw_materials!$B:$B,raw_materials!G:G) -> All | L308: =_xlfn.XLOOKUP($F308,raw_materials!$B:$B,raw_materials!H:H) -> Pomodoro Base Per Pizza | M308: =_xlfn.XLOOKUP($F308,raw_materials!$B:$B,raw_materials!I:I) -> 45 | N308: =_xlfn.XLOOKUP($F308,raw_materials!$B:$B,raw_materials!J:J) -> GM | O308: =_xlfn.XLOOKUP($F308,raw_materials!$B:$B,raw_materials!K:K) -> All | P308: =_xlfn.XLOOKUP($F308,raw_materials!$B:$B,raw_materials!L:L) -> Milky Mist Shredded Mozzarella Cheese | Q308: =_xlfn.XLOOKUP($F308,raw_materials!$B:$B,raw_materials!M:M) -> 50 | R308: =_xlfn.XLOOKUP($F308,raw_materials!$B:$B,raw_materials!N:N) -> GM | S308: =_xlfn.XLOOKUP($F308,raw_materials!$B:$B,raw_materials!O:O) -> All | T308: =_xlfn.XLOOKUP($F308,raw_materials!$B:$B,raw_materials!P:P) -> Caramelized Onion | U308: =_xlfn.XLOOKUP($F308,raw_materials!$B:$B,raw_materials!Q:Q) -> 25 | V308: =_xlfn.XLOOKUP($F308,raw_materials!$B:$B,raw_materials!R:R) -> GM | W308: =_xlfn.XLOOKUP($F308,raw_materials!$B:$B,raw_materials!S:S) -> All | X308: =_xlfn.XLOOKUP($F308,raw_materials!$B:$B,raw_materials!T:T) -> Bbq Chicken | Y308: =_xlfn.XLOOKUP($F308,raw_materials!$B:$B,raw_materials!U:U) -> 40 | Z308: =_xlfn.XLOOKUP($F308,raw_materials!$B:$B,raw_materials!V:V) -> GM | AA308: =_xlfn.XLOOKUP($F308,raw_materials!$B:$B,raw_materials!W:W) -> All | AB308: =_xlfn.XLOOKUP($F308,raw_materials!$B:$B,raw_materials!X:X) -> Stracciatella | AC308: =_xlfn.XLOOKUP($F308,raw_materials!$B:$B,raw_materials!Y:Y) -> 15 | AD308: =_xlfn.XLOOKUP($F308,raw_materials!$B:$B,raw_materials!Z:Z) -> GM | AE308: =_xlfn.XLOOKUP($F308,raw_materials!$B:$B,raw_materials!AA:AA) -> All | AF308: =_xlfn.XLOOKUP($F308,raw_materials!$B:$B,raw_materials!AB:AB) -> Naldoni Semola Di Grano Duro | AG308: =_xlfn.XLOOKUP($F308,raw_materials!$B:$B,raw_materials!AC:AC) -> 10 | AH308: =_xlfn.XLOOKUP($F308,raw_materials!$B:$B,raw_materials!AD:AD) -> GM | AI308: =_xlfn.XLOOKUP($F308,raw_materials!$B:$B,raw_materials!AE:AE) -> All | AJ308: =_xlfn.XLOOKUP($F308,raw_materials!$B:$B,raw_materials!AF:AF) -> 0 | AK308: =_xlfn.XLOOKUP($F308,raw_materials!$B:$B,raw_materials!AG:AG) -> 0 | AL308: =_xlfn.XLOOKUP($F308,raw_materials!$B:$B,raw_materials!AH:AH) -> 0 | AM308: =_xlfn.XLOOKUP($F308,raw_materials!$B:$B,raw_materials!AI:AI) -> 0 | AN308: =_xlfn.XLOOKUP($F308,raw_materials!$B:$B,raw_materials!AJ:AJ) -> 0 | AO308: =_xlfn.XLOOKUP($F308,raw_materials!$B:$B,raw_materials!AK:AK) -> 0 | AP308: =_xlfn.XLOOKUP($F308,raw_materials!$B:$B,raw_materials!AL:AL) -> 0 | AQ308: =_xlfn.XLOOKUP($F308,raw_materials!$B:$B,raw_materials!AM:AM) -> 0 | AR308: =_xlfn.XLOOKUP($F308,raw_materials!$B:$B,raw_materials!AN:AN) -> 0 | AS308: =_xlfn.XLOOKUP($F308,raw_materials!$B:$B,raw_materials!AO:AO) -> 0 | AT308: =_xlfn.XLOOKUP($F308,raw_materials!$B:$B,raw_materials!AP:AP) -> 0 | AU308: =_xlfn.XLOOKUP($F308,raw_materials!$B:$B,raw_materials!AQ:AQ) -> 0 | AV308: =_xlfn.XLOOKUP($F308,raw_materials!$B:$B,raw_materials!AR:AR) -> 0 | AW308: =_xlfn.XLOOKUP($F308,raw_materials!$B:$B,raw_materials!AS:AS) -> 0 | AX308: =_xlfn.XLOOKUP($F308,raw_materials!$B:$B,raw_materials!AT:AT) -> 0 | AY308: =_xlfn.XLOOKUP($F308,raw_materials!$B:$B,raw_materials!AU:AU) -> 0 | AZ308: =_xlfn.XLOOKUP($F308,raw_materials!$B:$B,raw_materials!AV:AV) -> 0 | BA308: =_xlfn.XLOOKUP($F308,raw_materials!$B:$B,raw_materials!AW:AW) -> 0 | BB308: =_xlfn.XLOOKUP($F308,raw_materials!$B:$B,raw_materials!AX:AX) -> 0 | BC308: =_xlfn.XLOOKUP($F308,raw_materials!$B:$B,raw_materials!AY:AY) -> 0 | BD308: =_xlfn.XLOOKUP($F308,raw_materials!$B:$B,raw_materials!AZ:AZ) -> 0 | BE308: =_xlfn.XLOOKUP($F308,raw_materials!$B:$B,raw_materials!BA:BA) -> 0 | BF308: =_xlfn.XLOOKUP($F308,raw_materials!$B:$B,raw_materials!BB:BB) -> 0 | BG308: =_xlfn.XLOOKUP($F308,raw_materials!$B:$B,raw_materials!BC:BC) -> 0 | BH308: =_xlfn.XLOOKUP($F308,raw_materials!$B:$B,raw_materials!BD:BD) -> 0 | BI308: =_xlfn.XLOOKUP($F308,raw_materials!$B:$B,raw_materials!BE:BE) -> 0 | BJ308: =_xlfn.XLOOKUP($F308,raw_materials!$B:$B,raw_materials!BF:BF) -> 0 | BK308: =_xlfn.XLOOKUP($F308,raw_materials!$B:$B,raw_materials!BG:BG) -> 0 | BL308: =_xlfn.XLOOKUP($F308,raw_materials!$B:$B,raw_materials!BH:BH) -> 0 | BM308: =_xlfn.XLOOKUP($F308,raw_materials!$B:$B,raw_materials!BI:BI) -> 0 | BN308: =_xlfn.XLOOKUP($F308,raw_materials!$B:$B,raw_materials!BJ:BJ) -> 0 | BO308: =_xlfn.XLOOKUP($F308,raw_materials!$B:$B,raw_materials!BK:BK) -> 0

Sheet raw_m_v2
A1: id | B1: Items from recipe | C1: Department | D1: RawMaterial | E1: Qty | F1: Unit | G1: Area | H1: RawMaterial | I1: Qty | J1: Unit | K1: Area | L1: RawMaterial | M1: Qty | N1: Unit | O1: Area | P1: RawMaterial | Q1: Qty | R1: Unit | S1: Area | T1: RawMaterial | U1: Qty | V1: Unit | W1: Area | X1: RawMaterial | Y1: Qty | Z1: Unit | AA1: Area | AB1: RawMaterial | AC1: Qty | AD1: Unit | AE1: Area | AF1: RawMaterial | AG1: Qty | AH1: Unit | AI1: Area | AJ1: RawMaterial | AK1: Qty | AL1: Unit | AM1: Area | AN1: RawMaterial | AO1: Qty | AP1: Unit | AQ1: Area | AR1: RawMaterial | AS1: Qty | AT1: Unit | AU1: Area | AV1: RawMaterial | AW1: Qty | AX1: Unit | AY1: Area | AZ1: RawMaterial | BA1: Qty | BB1: Unit | BC1: Area | BD1: RawMaterial | BE1: Qty | BF1: Unit | BG1: Area | BH1: RawMaterial | BI1: Qty | BJ1: Unit | BK1: Area
A2: 1 | B2: Frittini Veg | C2: =_xlfn.XLOOKUP(B2,[1]Table0!$A:$A,[1]Table0!$B:$B) -> Italian 1 | D2: =_xlfn.XLOOKUP($F2,raw_materials!$B:$B,raw_materials!#REF!) -> Pittula | E2: =_xlfn.XLOOKUP($F2,raw_materials!$B:$B,raw_materials!A:A) -> 120 | F2: =_xlfn.XLOOKUP($F2,raw_materials!$B:$B,raw_materials!B:B) -> GM | G2: =_xlfn.XLOOKUP($F2,raw_materials!$B:$B,raw_materials!C:C) -> All | H2: =_xlfn.XLOOKUP($F2,raw_materials!$B:$B,raw_materials!D:D) -> Polpetta Di Melanzane | I2: =_xlfn.XLOOKUP($F2,raw_materials!$B:$B,raw_materials!E:E) -> 150 | J2: =_xlfn.XLOOKUP($F2,raw_materials!$B:$B,raw_materials!F:F) -> GM | K2: =_xlfn.XLOOKUP($F2,raw_materials!$B:$B,raw_materials!G:G) -> All | L2: =_xlfn.XLOOKUP($F2,raw_materials!$B:$B,raw_materials!H:H) -> Zucchini Green | M2: =_xlfn.XLOOKUP($F2,raw_materials!$B:$B,raw_materials!I:I) -> 25 | N2: =_xlfn.XLOOKUP($F2,raw_materials!$B:$B,raw_materials!J:J) -> GM | O2: =_xlfn.XLOOKUP($F2,raw_materials!$B:$B,raw_materials!K:K) -> All | P2: =_xlfn.XLOOKUP($F2,raw_materials!$B:$B,raw_materials!L:L) -> Crema Di Cavolfiore | Q2: =_xlfn.XLOOKUP($F2,raw_materials!$B:$B,raw_materials!M:M) -> 50 | R2: =_xlfn.XLOOKUP($F2,raw_materials!$B:$B,raw_materials!N:N) -> GM | S2: =_xlfn.XLOOKUP($F2,raw_materials!$B:$B,raw_materials!O:O) -> All | T2: =_xlfn.XLOOKUP($F2,raw_materials!$B:$B,raw_materials!P:P) -> Gazpacho Di Peperone | U2: =_xlfn.XLOOKUP($F2,raw_materials!$B:$B,raw_materials!Q:Q) -> 50 | V2: =_xlfn.XLOOKUP($F2,raw_materials!$B:$B,raw_materials!R:R) -> GM | W2: =_xlfn.XLOOKUP($F2,raw_materials!$B:$B,raw_materials!S:S) -> All | X2: =_xlfn.XLOOKUP($F2,raw_materials!$B:$B,raw_materials!T:T) -> Zucchini Yellow | Y2: =_xlfn.XLOOKUP($F2,raw_materials!$B:$B,raw_materials!U:U) -> 25 | Z2: =_xlfn.XLOOKUP($F2,raw_materials!$B:$B,raw_materials!V:V) -> GM | AA2: =_xlfn.XLOOKUP($F2,raw_materials!$B:$B,raw_materials!W:W) -> All | AB2: =_xlfn.XLOOKUP($F2,raw_materials!$B:$B,raw_materials!X:X) -> Eggplant | AC2: =_xlfn.XLOOKUP($F2,raw_materials!$B:$B,raw_materials!Y:Y) -> 50 | AD2: =_xlfn.XLOOKUP($F2,raw_materials!$B:$B,raw_materials!Z:Z) -> GM | AE2: =_xlfn.XLOOKUP($F2,raw_materials!$B:$B,raw_materials!AA:AA) -> All | AF2: =_xlfn.XLOOKUP($F2,raw_materials!$B:$B,raw_materials!AB:AB) -> Capsicum Red | AG2: =_xlfn.XLOOKUP($F2,raw_materials!$B:$B,raw_materials!AC:AC) -> 30 | AH2: =_xlfn.XLOOKUP($F2,raw_materials!$B:$B,raw_materials!AD:AD) -> GM | AI2: =_xlfn.XLOOKUP($F2,raw_materials!$B:$B,raw_materials!AE:AE) -> All | AJ2: =_xlfn.XLOOKUP($F2,raw_materials!$B:$B,raw_materials!AF:AF) -> Capsicum Yellow | AK2: =_xlfn.XLOOKUP($F2,raw_materials!$B:$B,raw_materials!AG:AG) -> 30 | AL2: =_xlfn.XLOOKUP($F2,raw_materials!$B:$B,raw_materials!AH:AH) -> GM | AM2: =_xlfn.XLOOKUP($F2,raw_materials!$B:$B,raw_materials!AI:AI) -> All | AN2: =_xlfn.XLOOKUP($F2,raw_materials!$B:$B,raw_materials!AJ:AJ) -> Rava Sooji | AO2: =_xlfn.XLOOKUP($F2,raw_materials!$B:$B,raw_materials!AK:AK) -> 30 | AP2: =_xlfn.XLOOKUP($F2,raw_materials!$B:$B,raw_materials!AL:AL) -> GM | AQ2: =_xlfn.XLOOKUP($F2,raw_materials!$B:$B,raw_materials!AM:AM) -> All | AR2: =_xlfn.XLOOKUP($F2,raw_materials!$B:$B,raw_materials!AN:AN) -> Table Salt | AS2: =_xlfn.XLOOKUP($F2,raw_materials!$B:$B,raw_materials!AO:AO) -> 5 | AT2: =_xlfn.XLOOKUP($F2,raw_materials!$B:$B,raw_materials!AP:AP) -> GM | AU2: =_xlfn.XLOOKUP($F2,raw_materials!$B:$B,raw_materials!AQ:AQ) -> All | AV2: =_xlfn.XLOOKUP($F2,raw_materials!$B:$B,raw_materials!AR:AR) -> 0 | AW2: =_xlfn.XLOOKUP($F2,raw_materials!$B:$B,raw_materials!AS:AS) -> 0 | AX2: =_xlfn.XLOOKUP($F2,raw_materials!$B:$B,raw_materials!AT:AT) -> 0 | AY2: =_xlfn.XLOOKUP($F2,raw_materials!$B:$B,raw_materials!AU:AU) -> 0 | AZ2: =_xlfn.XLOOKUP($F2,raw_materials!$B:$B,raw_materials!AV:AV) -> 0 | BA2: =_xlfn.XLOOKUP($F2,raw_materials!$B:$B,raw_materials!AW:AW) -> 0 | BB2: =_xlfn.XLOOKUP($F2,raw_materials!$B:$B,raw_materials!AX:AX) -> 0 | BC2: =_xlfn.XLOOKUP($F2,raw_materials!$B:$B,raw_materials!AY:AY) -> 0 | BD2: =_xlfn.XLOOKUP($F2,raw_materials!$B:$B,raw_materials!AZ:AZ) -> 0 | BE2: =_xlfn.XLOOKUP($F2,raw_materials!$B:$B,raw_materials!BA:BA) -> 0 | BF2: =_xlfn.XLOOKUP($F2,raw_materials!$B:$B,raw_materials!BB:BB) -> 0 | BG2: =_xlfn.XLOOKUP($F2,raw_materials!$B:$B,raw_materials!BC:BC) -> 0 | BH2: =_xlfn.XLOOKUP($F2,raw_materials!$B:$B,raw_materials!BD:BD) -> 0 | BI2: =_xlfn.XLOOKUP($F2,raw_materials!$B:$B,raw_materials!BE:BE) -> 0 | BJ2: =_xlfn.XLOOKUP($F2,raw_materials!$B:$B,raw_materials!BF:BF) -> 0 | BK2: =_xlfn.XLOOKUP($F2,raw_materials!$B:$B,raw_materials!BG:BG) -> 0
A3: 2 | B3: Frittini Non Veg | C3: =_xlfn.XLOOKUP(B3,[1]Table0!$A:$A,[1]Table0!$B:$B) -> Italian 1 | D3: =_xlfn.XLOOKUP($F3,raw_materials!$B:$B,raw_materials!#REF!) -> Crocchette Di Patate | E3: =_xlfn.XLOOKUP($F3,raw_materials!$B:$B,raw_materials!A:A) -> 150 | F3: =_xlfn.XLOOKUP($F3,raw_materials!$B:$B,raw_materials!B:B) -> GM | G3: =_xlfn.XLOOKUP($F3,raw_materials!$B:$B,raw_materials!C:C) -> All | H3: =_xlfn.XLOOKUP($F3,raw_materials!$B:$B,raw_materials!D:D) -> Arancino | I3: =_xlfn.XLOOKUP($F3,raw_materials!$B:$B,raw_materials!E:E) -> 150 | J3: =_xlfn.XLOOKUP($F3,raw_materials!$B:$B,raw_materials!F:F) -> GM | K3: =_xlfn.XLOOKUP($F3,raw_materials!$B:$B,raw_materials!G:G) -> All | L3: =_xlfn.XLOOKUP($F3,raw_materials!$B:$B,raw_materials!H:H) -> Polpette Di Manzo | M3: =_xlfn.XLOOKUP($F3,raw_materials!$B:$B,raw_materials!I:I) -> 150 | N3: =_xlfn.XLOOKUP($F3,raw_materials!$B:$B,raw_materials!J:J) -> GM | O3: =_xlfn.XLOOKUP($F3,raw_materials!$B:$B,raw_materials!K:K) -> All | P3: =_xlfn.XLOOKUP($F3,raw_materials!$B:$B,raw_materials!L:L) -> Gazpacho Di Peperone | Q3: =_xlfn.XLOOKUP($F3,raw_materials!$B:$B,raw_materials!M:M) -> 50 | R3: =_xlfn.XLOOKUP($F3,raw_materials!$B:$B,raw_materials!N:N) -> GM | S3: =_xlfn.XLOOKUP($F3,raw_materials!$B:$B,raw_materials!O:O) -> All | T3: =_xlfn.XLOOKUP($F3,raw_materials!$B:$B,raw_materials!P:P) -> Crema Di Cavolfiore | U3: =_xlfn.XLOOKUP($F3,raw_materials!$B:$B,raw_materials!Q:Q) -> 50 | V3: =_xlfn.XLOOKUP($F3,raw_materials!$B:$B,raw_materials!R:R) -> GM | W3: =_xlfn.XLOOKUP($F3,raw_materials!$B:$B,raw_materials!S:S) -> All | X3: =_xlfn.XLOOKUP($F3,raw_materials!$B:$B,raw_materials!T:T) -> Potato Btr | Y3: =_xlfn.XLOOKUP($F3,raw_materials!$B:$B,raw_materials!U:U) -> 50 | Z3: =_xlfn.XLOOKUP($F3,raw_materials!$B:$B,raw_materials!V:V) -> GM | AA3: =_xlfn.XLOOKUP($F3,raw_materials!$B:$B,raw_materials!W:W) -> All | AB3: =_xlfn.XLOOKUP($F3,raw_materials!$B:$B,raw_materials!X:X) -> 0 | AC3: =_xlfn.XLOOKUP($F3,raw_materials!$B:$B,raw_materials!Y:Y) -> 0 | AD3: =_xlfn.XLOOKUP($F3,raw_materials!$B:$B,raw_materials!Z:Z) -> 0 | AE3: =_xlfn.XLOOKUP($F3,raw_materials!$B:$B,raw_materials!AA:AA) -> 0 | AF3: =_xlfn.XLOOKUP($F3,raw_materials!$B:$B,raw_materials!AB:AB) -> 0 | AG3: =_xlfn.XLOOKUP($F3,raw_materials!$B:$B,raw_materials!AC:AC) -> 0 | AH3: =_xlfn.XLOOKUP($F3,raw_materials!$B:$B,raw_materials!AD:AD) -> 0 | AI3: =_xlfn.XLOOKUP($F3,raw_materials!$B:$B,raw_materials!AE:AE) -> 0 | AJ3: =_xlfn.XLOOKUP($F3,raw_materials!$B:$B,raw_materials!AF:AF) -> 0 | AK3: =_xlfn.XLOOKUP($F3,raw_materials!$B:$B,raw_materials!AG:AG) -> 0 | AL3: =_xlfn.XLOOKUP($F3,raw_materials!$B:$B,raw_materials!AH:AH) -> 0 | AM3: =_xlfn.XLOOKUP($F3,raw_materials!$B:$B,raw_materials!AI:AI) -> 0 | AN3: =_xlfn.XLOOKUP($F3,raw_materials!$B:$B,raw_materials!AJ:AJ) -> 0 | AO3: =_xlfn.XLOOKUP($F3,raw_materials!$B:$B,raw_materials!AK:AK) -> 0 | AP3: =_xlfn.XLOOKUP($F3,raw_materials!$B:$B,raw_materials!AL:AL) -> 0 | AQ3: =_xlfn.XLOOKUP($F3,raw_materials!$B:$B,raw_materials!AM:AM) -> 0 | AR3: =_xlfn.XLOOKUP($F3,raw_materials!$B:$B,raw_materials!AN:AN) -> 0 | AS3: =_xlfn.XLOOKUP($F3,raw_materials!$B:$B,raw_materials!AO:AO) -> 0 | AT3: =_xlfn.XLOOKUP($F3,raw_materials!$B:$B,raw_materials!AP:AP) -> 0 | AU3: =_xlfn.XLOOKUP($F3,raw_materials!$B:$B,raw_materials!AQ:AQ) -> 0 | AV3: =_xlfn.XLOOKUP($F3,raw_materials!$B:$B,raw_materials!AR:AR) -> 0 | AW3: =_xlfn.XLOOKUP($F3,raw_materials!$B:$B,raw_materials!AS:AS) -> 0 | AX3: =_xlfn.XLOOKUP($F3,raw_materials!$B:$B,raw_materials!AT:AT) -> 0 | AY3: =_xlfn.XLOOKUP($F3,raw_materials!$B:$B,raw_materials!AU:AU) -> 0 | AZ3: =_xlfn.XLOOKUP($F3,raw_materials!$B:$B,raw_materials!AV:AV) -> 0 | BA3: =_xlfn.XLOOKUP($F3,raw_materials!$B:$B,raw_materials!AW:AW) -> 0 | BB3: =_xlfn.XLOOKUP($F3,raw_materials!$B:$B,raw_materials!AX:AX) -> 0 | BC3: =_xlfn.XLOOKUP($F3,raw_materials!$B:$B,raw_materials!AY:AY) -> 0 | BD3: =_xlfn.XLOOKUP($F3,raw_materials!$B:$B,raw_materials!AZ:AZ) -> 0 | BE3: =_xlfn.XLOOKUP($F3,raw_materials!$B:$B,raw_materials!BA:BA) -> 0 | BF3: =_xlfn.XLOOKUP($F3,raw_materials!$B:$B,raw_materials!BB:BB) -> 0 | BG3: =_xlfn.XLOOKUP($F3,raw_materials!$B:$B,raw_materials!BC:BC) -> 0 | BH3: =_xlfn.XLOOKUP($F3,raw_materials!$B:$B,raw_materials!BD:BD) -> 0 | BI3: =_xlfn.XLOOKUP($F3,raw_materials!$B:$B,raw_materials!BE:BE) -> 0 | BJ3: =_xlfn.XLOOKUP($F3,raw_materials!$B:$B,raw_materials!BF:BF) -> 0 | BK3: =_xlfn.XLOOKUP($F3,raw_materials!$B:$B,raw_materials!BG:BG) -> 0
A4: 3 | B4: Tagliere Di Formaggi | C4: =_xlfn.XLOOKUP(B4,[1]Table0!$A:$A,[1]Table0!$B:$B) -> Italian 1 | D4: =_xlfn.XLOOKUP($F4,raw_materials!$B:$B,raw_materials!#REF!) -> Grana Padano | E4: =_xlfn.XLOOKUP($F4,raw_materials!$B:$B,raw_materials!A:A) -> 30 | F4: =_xlfn.XLOOKUP($F4,raw_materials!$B:$B,raw_materials!B:B) -> GM | G4: =_xlfn.XLOOKUP($F4,raw_materials!$B:$B,raw_materials!C:C) -> All | H4: =_xlfn.XLOOKUP($F4,raw_materials!$B:$B,raw_materials!D:D) -> Provolone Dolce | I4: =_xlfn.XLOOKUP($F4,raw_materials!$B:$B,raw_materials!E:E) -> 30 | J4: =_xlfn.XLOOKUP($F4,raw_materials!$B:$B,raw_materials!F:F) -> GM | K4: =_xlfn.XLOOKUP($F4,raw_materials!$B:$B,raw_materials!G:G) -> All | L4: =_xlfn.XLOOKUP($F4,raw_materials!$B:$B,raw_materials!H:H) -> Marmellata Di Cipolla | M4: =_xlfn.XLOOKUP($F4,raw_materials!$B:$B,raw_materials!I:I) -> 40 | N4: =_xlfn.XLOOKUP($F4,raw_materials!$B:$B,raw_materials!J:J) -> GM | O4: =_xlfn.XLOOKUP($F4,raw_materials!$B:$B,raw_materials!K:K) -> All | P4: =_xlfn.XLOOKUP($F4,raw_materials!$B:$B,raw_materials!L:L) -> Big Burrata | Q4: =_xlfn.XLOOKUP($F4,raw_materials!$B:$B,raw_materials!M:M) -> 125 | R4: =_xlfn.XLOOKUP($F4,raw_materials!$B:$B,raw_materials!N:N) -> GM | S4: =_xlfn.XLOOKUP($F4,raw_materials!$B:$B,raw_materials!O:O) -> All | T4: =_xlfn.XLOOKUP($F4,raw_materials!$B:$B,raw_materials!P:P) -> Olive Green Pitted | U4: =_xlfn.XLOOKUP($F4,raw_materials!$B:$B,raw_materials!Q:Q) -> 10 | V4: =_xlfn.XLOOKUP($F4,raw_materials!$B:$B,raw_materials!R:R) -> GM | W4: =_xlfn.XLOOKUP($F4,raw_materials!$B:$B,raw_materials!S:S) -> All | X4: =_xlfn.XLOOKUP($F4,raw_materials!$B:$B,raw_materials!T:T) -> Black Olives Sliced | Y4: =_xlfn.XLOOKUP($F4,raw_materials!$B:$B,raw_materials!U:U) -> 10 | Z4: =_xlfn.XLOOKUP($F4,raw_materials!$B:$B,raw_materials!V:V) -> GM | AA4: =_xlfn.XLOOKUP($F4,raw_materials!$B:$B,raw_materials!W:W) -> All | AB4: =_xlfn.XLOOKUP($F4,raw_materials!$B:$B,raw_materials!X:X) -> Kalamata Pitted Olives 3.6 Kg | AC4: =_xlfn.XLOOKUP($F4,raw_materials!$B:$B,raw_materials!Y:Y) -> 10 | AD4: =_xlfn.XLOOKUP($F4,raw_materials!$B:$B,raw_materials!Z:Z) -> GM | AE4: =_xlfn.XLOOKUP($F4,raw_materials!$B:$B,raw_materials!AA:AA) -> All | AF4: =_xlfn.XLOOKUP($F4,raw_materials!$B:$B,raw_materials!AB:AB) -> Rocket Lettuce | AG4: =_xlfn.XLOOKUP($F4,raw_materials!$B:$B,raw_materials!AC:AC) -> 10 | AH4: =_xlfn.XLOOKUP($F4,raw_materials!$B:$B,raw_materials!AD:AD) -> GM | AI4: =_xlfn.XLOOKUP($F4,raw_materials!$B:$B,raw_materials!AE:AE) -> All | AJ4: =_xlfn.XLOOKUP($F4,raw_materials!$B:$B,raw_materials!AF:AF) -> Tomato Cherry | AK4: =_xlfn.XLOOKUP($F4,raw_materials!$B:$B,raw_materials!AG:AG) -> 10 | AL4: =_xlfn.XLOOKUP($F4,raw_materials!$B:$B,raw_materials!AH:AH) -> GM | AM4: =_xlfn.XLOOKUP($F4,raw_materials!$B:$B,raw_materials!AI:AI) -> All | AN4: =_xlfn.XLOOKUP($F4,raw_materials!$B:$B,raw_materials!AJ:AJ) -> Smoked Scamorza | AO4: =_xlfn.XLOOKUP($F4,raw_materials!$B:$B,raw_materials!AK:AK) -> 30 | AP4: =_xlfn.XLOOKUP($F4,raw_materials!$B:$B,raw_materials!AL:AL) -> GM | AQ4: =_xlfn.XLOOKUP($F4,raw_materials!$B:$B,raw_materials!AM:AM) -> All | AR4: =_xlfn.XLOOKUP($F4,raw_materials!$B:$B,raw_materials!AN:AN) -> Grissini | AS4: =_xlfn.XLOOKUP($F4,raw_materials!$B:$B,raw_materials!AO:AO) -> 30 | AT4: =_xlfn.XLOOKUP($F4,raw_materials!$B:$B,raw_materials!AP:AP) -> GM | AU4: =_xlfn.XLOOKUP($F4,raw_materials!$B:$B,raw_materials!AQ:AQ) -> All | AV4: =_xlfn.XLOOKUP($F4,raw_materials!$B:$B,raw_materials!AR:AR) -> 0 | AW4: =_xlfn.XLOOKUP($F4,raw_materials!$B:$B,raw_materials!AS:AS) -> 0 | AX4: =_xlfn.XLOOKUP($F4,raw_materials!$B:$B,raw_materials!AT:AT) -> 0 | AY4: =_xlfn.XLOOKUP($F4,raw_materials!$B:$B,raw_materials!AU:AU) -> 0 | AZ4: =_xlfn.XLOOKUP($F4,raw_materials!$B:$B,raw_materials!AV:AV) -> 0 | BA4: =_xlfn.XLOOKUP($F4,raw_materials!$B:$B,raw_materials!AW:AW) -> 0 | BB4: =_xlfn.XLOOKUP($F4,raw_materials!$B:$B,raw_materials!AX:AX) -> 0 | BC4: =_xlfn.XLOOKUP($F4,raw_materials!$B:$B,raw_materials!AY:AY) -> 0 | BD4: =_xlfn.XLOOKUP($F4,raw_materials!$B:$B,raw_materials!AZ:AZ) -> 0 | BE4: =_xlfn.XLOOKUP($F4,raw_materials!$B:$B,raw_materials!BA:BA) -> 0 | BF4: =_xlfn.XLOOKUP($F4,raw_materials!$B:$B,raw_materials!BB:BB) -> 0 | BG4: =_xlfn.XLOOKUP($F4,raw_materials!$B:$B,raw_materials!BC:BC) -> 0 | BH4: =_xlfn.XLOOKUP($F4,raw_materials!$B:$B,raw_materials!BD:BD) -> 0 | BI4: =_xlfn.XLOOKUP($F4,raw_materials!$B:$B,raw_materials!BE:BE) -> 0 | BJ4: =_xlfn.XLOOKUP($F4,raw_materials!$B:$B,raw_materials!BF:BF) -> 0 | BK4: =_xlfn.XLOOKUP($F4,raw_materials!$B:$B,raw_materials!BG:BG) -> 0
A5: 4 | B5: Tagliere Di Salumi | C5: =_xlfn.XLOOKUP(B5,[1]Table0!$A:$A,[1]Table0!$B:$B) -> Italian 1 | D5: =_xlfn.XLOOKUP($F5,raw_materials!$B:$B,raw_materials!#REF!) -> Cooked Ham | E5: =_xlfn.XLOOKUP($F5,raw_materials!$B:$B,raw_materials!A:A) -> 30 | F5: =_xlfn.XLOOKUP($F5,raw_materials!$B:$B,raw_materials!B:B) -> GM | G5: =_xlfn.XLOOKUP($F5,raw_materials!$B:$B,raw_materials!C:C) -> All | H5: =_xlfn.XLOOKUP($F5,raw_materials!$B:$B,raw_materials!D:D) -> Coppa | I5: =_xlfn.XLOOKUP($F5,raw_materials!$B:$B,raw_materials!E:E) -> 30 | J5: =_xlfn.XLOOKUP($F5,raw_materials!$B:$B,raw_materials!F:F) -> GM | K5: =_xlfn.XLOOKUP($F5,raw_materials!$B:$B,raw_materials!G:G) -> All | L5: =_xlfn.XLOOKUP($F5,raw_materials!$B:$B,raw_materials!H:H) -> Mortadella Bologna | M5: =_xlfn.XLOOKUP($F5,raw_materials!$B:$B,raw_materials!I:I) -> 30 | N5: =_xlfn.XLOOKUP($F5,raw_materials!$B:$B,raw_materials!J:J) -> GM | O5: =_xlfn.XLOOKUP($F5,raw_materials!$B:$B,raw_materials!K:K) -> All | P5: =_xlfn.XLOOKUP($F5,raw_materials!$B:$B,raw_materials!L:L) -> Spianata Calabrese | Q5: =_xlfn.XLOOKUP($F5,raw_materials!$B:$B,raw_materials!M:M) -> 30 | R5: =_xlfn.XLOOKUP($F5,raw_materials!$B:$B,raw_materials!N:N) -> GM | S5: =_xlfn.XLOOKUP($F5,raw_materials!$B:$B,raw_materials!O:O) -> All | T5: =_xlfn.XLOOKUP($F5,raw_materials!$B:$B,raw_materials!P:P) -> Salami Milano | U5: =_xlfn.XLOOKUP($F5,raw_materials!$B:$B,raw_materials!Q:Q) -> 30 | V5: =_xlfn.XLOOKUP($F5,raw_materials!$B:$B,raw_materials!R:R) -> GM | W5: =_xlfn.XLOOKUP($F5,raw_materials!$B:$B,raw_materials!S:S) -> All | X5: =_xlfn.XLOOKUP($F5,raw_materials!$B:$B,raw_materials!T:T) -> Black Olives Sliced | Y5: =_xlfn.XLOOKUP($F5,raw_materials!$B:$B,raw_materials!U:U) -> 10 | Z5: =_xlfn.XLOOKUP($F5,raw_materials!$B:$B,raw_materials!V:V) -> GM | AA5: =_xlfn.XLOOKUP($F5,raw_materials!$B:$B,raw_materials!W:W) -> All | AB5: =_xlfn.XLOOKUP($F5,raw_materials!$B:$B,raw_materials!X:X) -> Olive Green Pitted | AC5: =_xlfn.XLOOKUP($F5,raw_materials!$B:$B,raw_materials!Y:Y) -> 10 | AD5: =_xlfn.XLOOKUP($F5,raw_materials!$B:$B,raw_materials!Z:Z) -> GM | AE5: =_xlfn.XLOOKUP($F5,raw_materials!$B:$B,raw_materials!AA:AA) -> All | AF5: =_xlfn.XLOOKUP($F5,raw_materials!$B:$B,raw_materials!AB:AB) -> Grissini | AG5: =_xlfn.XLOOKUP($F5,raw_materials!$B:$B,raw_materials!AC:AC) -> 30 | AH5: =_xlfn.XLOOKUP($F5,raw_materials!$B:$B,raw_materials!AD:AD) -> GM | AI5: =_xlfn.XLOOKUP($F5,raw_materials!$B:$B,raw_materials!AE:AE) -> All | AJ5: =_xlfn.XLOOKUP($F5,raw_materials!$B:$B,raw_materials!AF:AF) -> Prosciutto Crudo Parma | AK5: =_xlfn.XLOOKUP($F5,raw_materials!$B:$B,raw_materials!AG:AG) -> 30 | AL5: =_xlfn.XLOOKUP($F5,raw_materials!$B:$B,raw_materials!AH:AH) -> GM | AM5: =_xlfn.XLOOKUP($F5,raw_materials!$B:$B,raw_materials!AI:AI) -> All | AN5: =_xlfn.XLOOKUP($F5,raw_materials!$B:$B,raw_materials!AJ:AJ) -> Marmellata Di Cipolla | AO5: =_xlfn.XLOOKUP($F5,raw_materials!$B:$B,raw_materials!AK:AK) -> 40 | AP5: =_xlfn.XLOOKUP($F5,raw_materials!$B:$B,raw_materials!AL:AL) -> GM | AQ5: =_xlfn.XLOOKUP($F5,raw_materials!$B:$B,raw_materials!AM:AM) -> All | AR5: =_xlfn.XLOOKUP($F5,raw_materials!$B:$B,raw_materials!AN:AN) -> Kalamata Pitted Olives 3.6 Kg | AS5: =_xlfn.XLOOKUP($F5,raw_materials!$B:$B,raw_materials!AO:AO) -> 10 | AT5: =_xlfn.XLOOKUP($F5,raw_materials!$B:$B,raw_materials!AP:AP) -> GM | AU5: =_xlfn.XLOOKUP($F5,raw_materials!$B:$B,raw_materials!AQ:AQ) -> All | AV5: =_xlfn.XLOOKUP($F5,raw_materials!$B:$B,raw_materials!AR:AR) -> 0 | AW5: =_xlfn.XLOOKUP($F5,raw_materials!$B:$B,raw_materials!AS:AS) -> 0 | AX5: =_xlfn.XLOOKUP($F5,raw_materials!$B:$B,raw_materials!AT:AT) -> 0 | AY5: =_xlfn.XLOOKUP($F5,raw_materials!$B:$B,raw_materials!AU:AU) -> 0 | AZ5: =_xlfn.XLOOKUP($F5,raw_materials!$B:$B,raw_materials!AV:AV) -> 0 | BA5: =_xlfn.XLOOKUP($F5,raw_materials!$B:$B,raw_materials!AW:AW) -> 0 | BB5: =_xlfn.XLOOKUP($F5,raw_materials!$B:$B,raw_materials!AX:AX) -> 0 | BC5: =_xlfn.XLOOKUP($F5,raw_materials!$B:$B,raw_materials!AY:AY) -> 0 | BD5: =_xlfn.XLOOKUP($F5,raw_materials!$B:$B,raw_materials!AZ:AZ) -> 0 | BE5: =_xlfn.XLOOKUP($F5,raw_materials!$B:$B,raw_materials!BA:BA) -> 0 | BF5: =_xlfn.XLOOKUP($F5,raw_materials!$B:$B,raw_materials!BB:BB) -> 0 | BG5: =_xlfn.XLOOKUP($F5,raw_materials!$B:$B,raw_materials!BC:BC) -> 0 | BH5: =_xlfn.XLOOKUP($F5,raw_materials!$B:$B,raw_materials!BD:BD) -> 0 | BI5: =_xlfn.XLOOKUP($F5,raw_materials!$B:$B,raw_materials!BE:BE) -> 0 | BJ5: =_xlfn.XLOOKUP($F5,raw_materials!$B:$B,raw_materials!BF:BF) -> 0 | BK5: =_xlfn.XLOOKUP($F5,raw_materials!$B:$B,raw_materials!BG:BG) -> 0
A6: 5 | B6: Bruschetta Alle Melanzane | C6: =_xlfn.XLOOKUP(B6,[1]Table0!$A:$A,[1]Table0!$B:$B) -> Pizza 1 | D6: =_xlfn.XLOOKUP($F6,raw_materials!$B:$B,raw_materials!#REF!) -> Impasto Bruschetta | E6: =_xlfn.XLOOKUP($F6,raw_materials!$B:$B,raw_materials!A:A) -> 100 | F6: =_xlfn.XLOOKUP($F6,raw_materials!$B:$B,raw_materials!B:B) -> GM | G6: =_xlfn.XLOOKUP($F6,raw_materials!$B:$B,raw_materials!C:C) -> All | H6: =_xlfn.XLOOKUP($F6,raw_materials!$B:$B,raw_materials!D:D) -> Roasted Brinjal Cream | I6: =_xlfn.XLOOKUP($F6,raw_materials!$B:$B,raw_materials!E:E) -> 50 | J6: =_xlfn.XLOOKUP($F6,raw_materials!$B:$B,raw_materials!F:F) -> GM | K6: =_xlfn.XLOOKUP($F6,raw_materials!$B:$B,raw_materials!G:G) -> All | L6: =_xlfn.XLOOKUP($F6,raw_materials!$B:$B,raw_materials!H:H) -> Roasted Cherry Tomato | M6: =_xlfn.XLOOKUP($F6,raw_materials!$B:$B,raw_materials!I:I) -> 40 | N6: =_xlfn.XLOOKUP($F6,raw_materials!$B:$B,raw_materials!J:J) -> GM | O6: =_xlfn.XLOOKUP($F6,raw_materials!$B:$B,raw_materials!K:K) -> All | P6: =_xlfn.XLOOKUP($F6,raw_materials!$B:$B,raw_materials!L:L) -> Grana Padano | Q6: =_xlfn.XLOOKUP($F6,raw_materials!$B:$B,raw_materials!M:M) -> 25 | R6: =_xlfn.XLOOKUP($F6,raw_materials!$B:$B,raw_materials!N:N) -> GM | S6: =_xlfn.XLOOKUP($F6,raw_materials!$B:$B,raw_materials!O:O) -> All | T6: =_xlfn.XLOOKUP($F6,raw_materials!$B:$B,raw_materials!P:P) -> 0 | U6: =_xlfn.XLOOKUP($F6,raw_materials!$B:$B,raw_materials!Q:Q) -> 0 | V6: =_xlfn.XLOOKUP($F6,raw_materials!$B:$B,raw_materials!R:R) -> 0 | W6: =_xlfn.XLOOKUP($F6,raw_materials!$B:$B,raw_materials!S:S) -> 0 | X6: =_xlfn.XLOOKUP($F6,raw_materials!$B:$B,raw_materials!T:T) -> 0 | Y6: =_xlfn.XLOOKUP($F6,raw_materials!$B:$B,raw_materials!U:U) -> 0 | Z6: =_xlfn.XLOOKUP($F6,raw_materials!$B:$B,raw_materials!V:V) -> 0 | AA6: =_xlfn.XLOOKUP($F6,raw_materials!$B:$B,raw_materials!W:W) -> 0 | AB6: =_xlfn.XLOOKUP($F6,raw_materials!$B:$B,raw_materials!X:X) -> 0 | AC6: =_xlfn.XLOOKUP($F6,raw_materials!$B:$B,raw_materials!Y:Y) -> 0 | AD6: =_xlfn.XLOOKUP($F6,raw_materials!$B:$B,raw_materials!Z:Z) -> 0 | AE6: =_xlfn.XLOOKUP($F6,raw_materials!$B:$B,raw_materials!AA:AA) -> 0 | AF6: =_xlfn.XLOOKUP($F6,raw_materials!$B:$B,raw_materials!AB:AB) -> 0 | AG6: =_xlfn.XLOOKUP($F6,raw_materials!$B:$B,raw_materials!AC:AC) -> 0 | AH6: =_xlfn.XLOOKUP($F6,raw_materials!$B:$B,raw_materials!AD:AD) -> 0 | AI6: =_xlfn.XLOOKUP($F6,raw_materials!$B:$B,raw_materials!AE:AE) -> 0 | AJ6: =_xlfn.XLOOKUP($F6,raw_materials!$B:$B,raw_materials!AF:AF) -> 0 | AK6: =_xlfn.XLOOKUP($F6,raw_materials!$B:$B,raw_materials!AG:AG) -> 0 | AL6: =_xlfn.XLOOKUP($F6,raw_materials!$B:$B,raw_materials!AH:AH) -> 0 | AM6: =_xlfn.XLOOKUP($F6,raw_materials!$B:$B,raw_materials!AI:AI) -> 0 | AN6: =_xlfn.XLOOKUP($F6,raw_materials!$B:$B,raw_materials!AJ:AJ) -> 0 | AO6: =_xlfn.XLOOKUP($F6,raw_materials!$B:$B,raw_materials!AK:AK) -> 0 | AP6: =_xlfn.XLOOKUP($F6,raw_materials!$B:$B,raw_materials!AL:AL) -> 0 | AQ6: =_xlfn.XLOOKUP($F6,raw_materials!$B:$B,raw_materials!AM:AM) -> 0 | AR6: =_xlfn.XLOOKUP($F6,raw_materials!$B:$B,raw_materials!AN:AN) -> 0 | AS6: =_xlfn.XLOOKUP($F6,raw_materials!$B:$B,raw_materials!AO:AO) -> 0 | AT6: =_xlfn.XLOOKUP($F6,raw_materials!$B:$B,raw_materials!AP:AP) -> 0 | AU6: =_xlfn.XLOOKUP($F6,raw_materials!$B:$B,raw_materials!AQ:AQ) -> 0 | AV6: =_xlfn.XLOOKUP($F6,raw_materials!$B:$B,raw_materials!AR:AR) -> 0 | AW6: =_xlfn.XLOOKUP($F6,raw_materials!$B:$B,raw_materials!AS:AS) -> 0 | AX6: =_xlfn.XLOOKUP($F6,raw_materials!$B:$B,raw_materials!AT:AT) -> 0 | AY6: =_xlfn.XLOOKUP($F6,raw_materials!$B:$B,raw_materials!AU:AU) -> 0 | AZ6: =_xlfn.XLOOKUP($F6,raw_materials!$B:$B,raw_materials!AV:AV) -> 0 | BA6: =_xlfn.XLOOKUP($F6,raw_materials!$B:$B,raw_materials!AW:AW) -> 0 | BB6: =_xlfn.XLOOKUP($F6,raw_materials!$B:$B,raw_materials!AX:AX) -> 0 | BC6: =_xlfn.XLOOKUP($F6,raw_materials!$B:$B,raw_materials!AY:AY) -> 0 | BD6: =_xlfn.XLOOKUP($F6,raw_materials!$B:$B,raw_materials!AZ:AZ) -> 0 | BE6: =_xlfn.XLOOKUP($F6,raw_materials!$B:$B,raw_materials!BA:BA) -> 0 | BF6: =_xlfn.XLOOKUP($F6,raw_materials!$B:$B,raw_materials!BB:BB) -> 0 | BG6: =_xlfn.XLOOKUP($F6,raw_materials!$B:$B,raw_materials!BC:BC) -> 0 | BH6: =_xlfn.XLOOKUP($F6,raw_materials!$B:$B,raw_materials!BD:BD) -> 0 | BI6: =_xlfn.XLOOKUP($F6,raw_materials!$B:$B,raw_materials!BE:BE) -> 0 | BJ6: =_xlfn.XLOOKUP($F6,raw_materials!$B:$B,raw_materials!BF:BF) -> 0 | BK6: =_xlfn.XLOOKUP($F6,raw_materials!$B:$B,raw_materials!BG:BG) -> 0
A7: 6 | B7: Bruschetta Alla Stracciatella | C7: =_xlfn.XLOOKUP(B7,[1]Table0!$A:$A,[1]Table0!$B:$B) -> Pizza 1 | D7: =_xlfn.XLOOKUP($F7,raw_materials!$B:$B,raw_materials!#REF!) -> Impasto Bruschetta | E7: =_xlfn.XLOOKUP($F7,raw_materials!$B:$B,raw_materials!A:A) -> 100 | F7: =_xlfn.XLOOKUP($F7,raw_materials!$B:$B,raw_materials!B:B) -> GM | G7: =_xlfn.XLOOKUP($F7,raw_materials!$B:$B,raw_materials!C:C) -> All | H7: =_xlfn.XLOOKUP($F7,raw_materials!$B:$B,raw_materials!D:D) -> Stracciatella | I7: =_xlfn.XLOOKUP($F7,raw_materials!$B:$B,raw_materials!E:E) -> 50 | J7: =_xlfn.XLOOKUP($F7,raw_materials!$B:$B,raw_materials!F:F) -> GM | K7: =_xlfn.XLOOKUP($F7,raw_materials!$B:$B,raw_materials!G:G) -> All | L7: =_xlfn.XLOOKUP($F7,raw_materials!$B:$B,raw_materials!H:H) -> Roasted Cherry Tomato | M7: =_xlfn.XLOOKUP($F7,raw_materials!$B:$B,raw_materials!I:I) -> 40 | N7: =_xlfn.XLOOKUP($F7,raw_materials!$B:$B,raw_materials!J:J) -> GM | O7: =_xlfn.XLOOKUP($F7,raw_materials!$B:$B,raw_materials!K:K) -> All | P7: =_xlfn.XLOOKUP($F7,raw_materials!$B:$B,raw_materials!L:L) -> Basil Leaves | Q7: =_xlfn.XLOOKUP($F7,raw_materials!$B:$B,raw_materials!M:M) -> 10 | R7: =_xlfn.XLOOKUP($F7,raw_materials!$B:$B,raw_materials!N:N) -> GM | S7: =_xlfn.XLOOKUP($F7,raw_materials!$B:$B,raw_materials!O:O) -> All | T7: =_xlfn.XLOOKUP($F7,raw_materials!$B:$B,raw_materials!P:P) -> 0 | U7: =_xlfn.XLOOKUP($F7,raw_materials!$B:$B,raw_materials!Q:Q) -> 0 | V7: =_xlfn.XLOOKUP($F7,raw_materials!$B:$B,raw_materials!R:R) -> 0 | W7: =_xlfn.XLOOKUP($F7,raw_materials!$B:$B,raw_materials!S:S) -> 0 | X7: =_xlfn.XLOOKUP($F7,raw_materials!$B:$B,raw_materials!T:T) -> 0 | Y7: =_xlfn.XLOOKUP($F7,raw_materials!$B:$B,raw_materials!U:U) -> 0 | Z7: =_xlfn.XLOOKUP($F7,raw_materials!$B:$B,raw_materials!V:V) -> 0 | AA7: =_xlfn.XLOOKUP($F7,raw_materials!$B:$B,raw_materials!W:W) -> 0 | AB7: =_xlfn.XLOOKUP($F7,raw_materials!$B:$B,raw_materials!X:X) -> 0 | AC7: =_xlfn.XLOOKUP($F7,raw_materials!$B:$B,raw_materials!Y:Y) -> 0 | AD7: =_xlfn.XLOOKUP($F7,raw_materials!$B:$B,raw_materials!Z:Z) -> 0 | AE7: =_xlfn.XLOOKUP($F7,raw_materials!$B:$B,raw_materials!AA:AA) -> 0 | AF7: =_xlfn.XLOOKUP($F7,raw_materials!$B:$B,raw_materials!AB:AB) -> 0 | AG7: =_xlfn.XLOOKUP($F7,raw_materials!$B:$B,raw_materials!AC:AC) -> 0 | AH7: =_xlfn.XLOOKUP($F7,raw_materials!$B:$B,raw_materials!AD:AD) -> 0 | AI7: =_xlfn.XLOOKUP($F7,raw_materials!$B:$B,raw_materials!AE:AE) -> 0 | AJ7: =_xlfn.XLOOKUP($F7,raw_materials!$B:$B,raw_materials!AF:AF) -> 0 | AK7: =_xlfn.XLOOKUP($F7,raw_materials!$B:$B,raw_materials!AG:AG) -> 0 | AL7: =_xlfn.XLOOKUP($F7,raw_materials!$B:$B,raw_materials!AH:AH) -> 0 | AM7: =_xlfn.XLOOKUP($F7,raw_materials!$B:$B,raw_materials!AI:AI) -> 0 | AN7: =_xlfn.XLOOKUP($F7,raw_materials!$B:$B,raw_materials!AJ:AJ) -> 0 | AO7: =_xlfn.XLOOKUP($F7,raw_materials!$B:$B,raw_materials!AK:AK) -> 0 | AP7: =_xlfn.XLOOKUP($F7,raw_materials!$B:$B,raw_materials!AL:AL) -> 0 | AQ7: =_xlfn.XLOOKUP($F7,raw_materials!$B:$B,raw_materials!AM:AM) -> 0 | AR7: =_xlfn.XLOOKUP($F7,raw_materials!$B:$B,raw_materials!AN:AN) -> 0 | AS7: =_xlfn.XLOOKUP($F7,raw_materials!$B:$B,raw_materials!AO:AO) -> 0 | AT7: =_xlfn.XLOOKUP($F7,raw_materials!$B:$B,raw_materials!AP:AP) -> 0 | AU7: =_xlfn.XLOOKUP($F7,raw_materials!$B:$B,raw_materials!AQ:AQ) -> 0 | AV7: =_xlfn.XLOOKUP($F7,raw_materials!$B:$B,raw_materials!AR:AR) -> 0 | AW7: =_xlfn.XLOOKUP($F7,raw_materials!$B:$B,raw_materials!AS:AS) -> 0 | AX7: =_xlfn.XLOOKUP($F7,raw_materials!$B:$B,raw_materials!AT:AT) -> 0 | AY7: =_xlfn.XLOOKUP($F7,raw_materials!$B:$B,raw_materials!AU:AU) -> 0 | AZ7: =_xlfn.XLOOKUP($F7,raw_materials!$B:$B,raw_materials!AV:AV) -> 0 | BA7: =_xlfn.XLOOKUP($F7,raw_materials!$B:$B,raw_materials!AW:AW) -> 0 | BB7: =_xlfn.XLOOKUP($F7,raw_materials!$B:$B,raw_materials!AX:AX) -> 0 | BC7: =_xlfn.XLOOKUP($F7,raw_materials!$B:$B,raw_materials!AY:AY) -> 0 | BD7: =_xlfn.XLOOKUP($F7,raw_materials!$B:$B,raw_materials!AZ:AZ) -> 0 | BE7: =_xlfn.XLOOKUP($F7,raw_materials!$B:$B,raw_materials!BA:BA) -> 0 | BF7: =_xlfn.XLOOKUP($F7,raw_materials!$B:$B,raw_materials!BB:BB) -> 0 | BG7: =_xlfn.XLOOKUP($F7,raw_materials!$B:$B,raw_materials!BC:BC) -> 0 | BH7: =_xlfn.XLOOKUP($F7,raw_materials!$B:$B,raw_materials!BD:BD) -> 0 | BI7: =_xlfn.XLOOKUP($F7,raw_materials!$B:$B,raw_materials!BE:BE) -> 0 | BJ7: =_xlfn.XLOOKUP($F7,raw_materials!$B:$B,raw_materials!BF:BF) -> 0 | BK7: =_xlfn.XLOOKUP($F7,raw_materials!$B:$B,raw_materials!BG:BG) -> 0
A8: 7 | B8: Bruschetta Alla Nduja | C8: =_xlfn.XLOOKUP(B8,[1]Table0!$A:$A,[1]Table0!$B:$B) -> Pizza 1 | D8: =_xlfn.XLOOKUP($F8,raw_materials!$B:$B,raw_materials!#REF!) -> Impasto Bruschetta | E8: =_xlfn.XLOOKUP($F8,raw_materials!$B:$B,raw_materials!A:A) -> 100 | F8: =_xlfn.XLOOKUP($F8,raw_materials!$B:$B,raw_materials!B:B) -> GM | G8: =_xlfn.XLOOKUP($F8,raw_materials!$B:$B,raw_materials!C:C) -> All | H8: =_xlfn.XLOOKUP($F8,raw_materials!$B:$B,raw_materials!D:D) -> Roasted Cherry Tomato | I8: =_xlfn.XLOOKUP($F8,raw_materials!$B:$B,raw_materials!E:E) -> 50 | J8: =_xlfn.XLOOKUP($F8,raw_materials!$B:$B,raw_materials!F:F) -> GM | K8: =_xlfn.XLOOKUP($F8,raw_materials!$B:$B,raw_materials!G:G) -> All | L8: =_xlfn.XLOOKUP($F8,raw_materials!$B:$B,raw_materials!H:H) -> Ricotta Cheese | M8: =_xlfn.XLOOKUP($F8,raw_materials!$B:$B,raw_materials!I:I) -> 60 | N8: =_xlfn.XLOOKUP($F8,raw_materials!$B:$B,raw_materials!J:J) -> GM | O8: =_xlfn.XLOOKUP($F8,raw_materials!$B:$B,raw_materials!K:K) -> All | P8: =_xlfn.XLOOKUP($F8,raw_materials!$B:$B,raw_materials!L:L) -> Nduja | Q8: =_xlfn.XLOOKUP($F8,raw_materials!$B:$B,raw_materials!M:M) -> 50 | R8: =_xlfn.XLOOKUP($F8,raw_materials!$B:$B,raw_materials!N:N) -> GM | S8: =_xlfn.XLOOKUP($F8,raw_materials!$B:$B,raw_materials!O:O) -> All | T8: =_xlfn.XLOOKUP($F8,raw_materials!$B:$B,raw_materials!P:P) -> Basil Leaves | U8: =_xlfn.XLOOKUP($F8,raw_materials!$B:$B,raw_materials!Q:Q) -> 10 | V8: =_xlfn.XLOOKUP($F8,raw_materials!$B:$B,raw_materials!R:R) -> GM | W8: =_xlfn.XLOOKUP($F8,raw_materials!$B:$B,raw_materials!S:S) -> All | X8: =_xlfn.XLOOKUP($F8,raw_materials!$B:$B,raw_materials!T:T) -> 0 | Y8: =_xlfn.XLOOKUP($F8,raw_materials!$B:$B,raw_materials!U:U) -> 0 | Z8: =_xlfn.XLOOKUP($F8,raw_materials!$B:$B,raw_materials!V:V) -> 0 | AA8: =_xlfn.XLOOKUP($F8,raw_materials!$B:$B,raw_materials!W:W) -> 0 | AB8: =_xlfn.XLOOKUP($F8,raw_materials!$B:$B,raw_materials!X:X) -> 0 | AC8: =_xlfn.XLOOKUP($F8,raw_materials!$B:$B,raw_materials!Y:Y) -> 0 | AD8: =_xlfn.XLOOKUP($F8,raw_materials!$B:$B,raw_materials!Z:Z) -> 0 | AE8: =_xlfn.XLOOKUP($F8,raw_materials!$B:$B,raw_materials!AA:AA) -> 0 | AF8: =_xlfn.XLOOKUP($F8,raw_materials!$B:$B,raw_materials!AB:AB) -> 0 | AG8: =_xlfn.XLOOKUP($F8,raw_materials!$B:$B,raw_materials!AC:AC) -> 0 | AH8: =_xlfn.XLOOKUP($F8,raw_materials!$B:$B,raw_materials!AD:AD) -> 0 | AI8: =_xlfn.XLOOKUP($F8,raw_materials!$B:$B,raw_materials!AE:AE) -> 0 | AJ8: =_xlfn.XLOOKUP($F8,raw_materials!$B:$B,raw_materials!AF:AF) -> 0 | AK8: =_xlfn.XLOOKUP($F8,raw_materials!$B:$B,raw_materials!AG:AG) -> 0 | AL8: =_xlfn.XLOOKUP($F8,raw_materials!$B:$B,raw_materials!AH:AH) -> 0 | AM8: =_xlfn.XLOOKUP($F8,raw_materials!$B:$B,raw_materials!AI:AI) -> 0 | AN8: =_xlfn.XLOOKUP($F8,raw_materials!$B:$B,raw_materials!AJ:AJ) -> 0 | AO8: =_xlfn.XLOOKUP($F8,raw_materials!$B:$B,raw_materials!AK:AK) -> 0 | AP8: =_xlfn.XLOOKUP($F8,raw_materials!$B:$B,raw_materials!AL:AL) -> 0 | AQ8: =_xlfn.XLOOKUP($F8,raw_materials!$B:$B,raw_materials!AM:AM) -> 0 | AR8: =_xlfn.XLOOKUP($F8,raw_materials!$B:$B,raw_materials!AN:AN) -> 0 | AS8: =_xlfn.XLOOKUP($F8,raw_materials!$B:$B,raw_materials!AO:AO) -> 0 | AT8: =_xlfn.XLOOKUP($F8,raw_materials!$B:$B,raw_materials!AP:AP) -> 0 | AU8: =_xlfn.XLOOKUP($F8,raw_materials!$B:$B,raw_materials!AQ:AQ) -> 0 | AV8: =_xlfn.XLOOKUP($F8,raw_materials!$B:$B,raw_materials!AR:AR) -> 0 | AW8: =_xlfn.XLOOKUP($F8,raw_materials!$B:$B,raw_materials!AS:AS) -> 0 | AX8: =_xlfn.XLOOKUP($F8,raw_materials!$B:$B,raw_materials!AT:AT) -> 0 | AY8: =_xlfn.XLOOKUP($F8,raw_materials!$B:$B,raw_materials!AU:AU) -> 0 | AZ8: =_xlfn.XLOOKUP($F8,raw_materials!$B:$B,raw_materials!AV:AV) -> 0 | BA8: =_xlfn.XLOOKUP($F8,raw_materials!$B:$B,raw_materials!AW:AW) -> 0 | BB8: =_xlfn.XLOOKUP($F8,raw_materials!$B:$B,raw_materials!AX:AX) -> 0 | BC8: =_xlfn.XLOOKUP($F8,raw_materials!$B:$B,raw_materials!AY:AY) -> 0 | BD8: =_xlfn.XLOOKUP($F8,raw_materials!$B:$B,raw_materials!AZ:AZ) -> 0 | BE8: =_xlfn.XLOOKUP($F8,raw_materials!$B:$B,raw_materials!BA:BA) -> 0 | BF8: =_xlfn.XLOOKUP($F8,raw_materials!$B:$B,raw_materials!BB:BB) -> 0 | BG8: =_xlfn.XLOOKUP($F8,raw_materials!$B:$B,raw_materials!BC:BC) -> 0 | BH8: =_xlfn.XLOOKUP($F8,raw_materials!$B:$B,raw_materials!BD:BD) -> 0 | BI8: =_xlfn.XLOOKUP($F8,raw_materials!$B:$B,raw_materials!BE:BE) -> 0 | BJ8: =_xlfn.XLOOKUP($F8,raw_materials!$B:$B,raw_materials!BF:BF) -> 0 | BK8: =_xlfn.XLOOKUP($F8,raw_materials!$B:$B,raw_materials!BG:BG) -> 0
A9: 8 | B9: Bruschetta Con Pate' Di Olive | C9: =_xlfn.XLOOKUP(B9,[1]Table0!$A:$A,[1]Table0!$B:$B) -> Pizza 1 | D9: =_xlfn.XLOOKUP($F9,raw_materials!$B:$B,raw_materials!#REF!) -> Impasto Bruschetta | E9: =_xlfn.XLOOKUP($F9,raw_materials!$B:$B,raw_materials!A:A) -> 100 | F9: =_xlfn.XLOOKUP($F9,raw_materials!$B:$B,raw_materials!B:B) -> GM | G9: =_xlfn.XLOOKUP($F9,raw_materials!$B:$B,raw_materials!C:C) -> All | H9: =_xlfn.XLOOKUP($F9,raw_materials!$B:$B,raw_materials!D:D) -> Cauliflower Cream | I9: =_xlfn.XLOOKUP($F9,raw_materials!$B:$B,raw_materials!E:E) -> 80 | J9: =_xlfn.XLOOKUP($F9,raw_materials!$B:$B,raw_materials!F:F) -> GM | K9: =_xlfn.XLOOKUP($F9,raw_materials!$B:$B,raw_materials!G:G) -> All | L9: =_xlfn.XLOOKUP($F9,raw_materials!$B:$B,raw_materials!H:H) -> Olive Paste | M9: =_xlfn.XLOOKUP($F9,raw_materials!$B:$B,raw_materials!I:I) -> 40 | N9: =_xlfn.XLOOKUP($F9,raw_materials!$B:$B,raw_materials!J:J) -> GM | O9: =_xlfn.XLOOKUP($F9,raw_materials!$B:$B,raw_materials!K:K) -> All | P9: =_xlfn.XLOOKUP($F9,raw_materials!$B:$B,raw_materials!L:L) -> 0 | Q9: =_xlfn.XLOOKUP($F9,raw_materials!$B:$B,raw_materials!M:M) -> 0 | R9: =_xlfn.XLOOKUP($F9,raw_materials!$B:$B,raw_materials!N:N) -> 0 | S9: =_xlfn.XLOOKUP($F9,raw_materials!$B:$B,raw_materials!O:O) -> 0 | T9: =_xlfn.XLOOKUP($F9,raw_materials!$B:$B,raw_materials!P:P) -> 0 | U9: =_xlfn.XLOOKUP($F9,raw_materials!$B:$B,raw_materials!Q:Q) -> 0 | V9: =_xlfn.XLOOKUP($F9,raw_materials!$B:$B,raw_materials!R:R) -> 0 | W9: =_xlfn.XLOOKUP($F9,raw_materials!$B:$B,raw_materials!S:S) -> 0 | X9: =_xlfn.XLOOKUP($F9,raw_materials!$B:$B,raw_materials!T:T) -> 0 | Y9: =_xlfn.XLOOKUP($F9,raw_materials!$B:$B,raw_materials!U:U) -> 0 | Z9: =_xlfn.XLOOKUP($F9,raw_materials!$B:$B,raw_materials!V:V) -> 0 | AA9: =_xlfn.XLOOKUP($F9,raw_materials!$B:$B,raw_materials!W:W) -> 0 | AB9: =_xlfn.XLOOKUP($F9,raw_materials!$B:$B,raw_materials!X:X) -> 0 | AC9: =_xlfn.XLOOKUP($F9,raw_materials!$B:$B,raw_materials!Y:Y) -> 0 | AD9: =_xlfn.XLOOKUP($F9,raw_materials!$B:$B,raw_materials!Z:Z) -> 0 | AE9: =_xlfn.XLOOKUP($F9,raw_materials!$B:$B,raw_materials!AA:AA) -> 0 | AF9: =_xlfn.XLOOKUP($F9,raw_materials!$B:$B,raw_materials!AB:AB) -> 0 | AG9: =_xlfn.XLOOKUP($F9,raw_materials!$B:$B,raw_materials!AC:AC) -> 0 | AH9: =_xlfn.XLOOKUP($F9,raw_materials!$B:$B,raw_materials!AD:AD) -> 0 | AI9: =_xlfn.XLOOKUP($F9,raw_materials!$B:$B,raw_materials!AE:AE) -> 0 | AJ9: =_xlfn.XLOOKUP($F9,raw_materials!$B:$B,raw_materials!AF:AF) -> 0 | AK9: =_xlfn.XLOOKUP($F9,raw_materials!$B:$B,raw_materials!AG:AG) -> 0 | AL9: =_xlfn.XLOOKUP($F9,raw_materials!$B:$B,raw_materials!AH:AH) -> 0 | AM9: =_xlfn.XLOOKUP($F9,raw_materials!$B:$B,raw_materials!AI:AI) -> 0 | AN9: =_xlfn.XLOOKUP($F9,raw_materials!$B:$B,raw_materials!AJ:AJ) -> 0 | AO9: =_xlfn.XLOOKUP($F9,raw_materials!$B:$B,raw_materials!AK:AK) -> 0 | AP9: =_xlfn.XLOOKUP($F9,raw_materials!$B:$B,raw_materials!AL:AL) -> 0 | AQ9: =_xlfn.XLOOKUP($F9,raw_materials!$B:$B,raw_materials!AM:AM) -> 0 | AR9: =_xlfn.XLOOKUP($F9,raw_materials!$B:$B,raw_materials!AN:AN) -> 0 | AS9: =_xlfn.XLOOKUP($F9,raw_materials!$B:$B,raw_materials!AO:AO) -> 0 | AT9: =_xlfn.XLOOKUP($F9,raw_materials!$B:$B,raw_materials!AP:AP) -> 0 | AU9: =_xlfn.XLOOKUP($F9,raw_materials!$B:$B,raw_materials!AQ:AQ) -> 0 | AV9: =_xlfn.XLOOKUP($F9,raw_materials!$B:$B,raw_materials!AR:AR) -> 0 | AW9: =_xlfn.XLOOKUP($F9,raw_materials!$B:$B,raw_materials!AS:AS) -> 0 | AX9: =_xlfn.XLOOKUP($F9,raw_materials!$B:$B,raw_materials!AT:AT) -> 0 | AY9: =_xlfn.XLOOKUP($F9,raw_materials!$B:$B,raw_materials!AU:AU) -> 0 | AZ9: =_xlfn.XLOOKUP($F9,raw_materials!$B:$B,raw_materials!AV:AV) -> 0 | BA9: =_xlfn.XLOOKUP($F9,raw_materials!$B:$B,raw_materials!AW:AW) -> 0 | BB9: =_xlfn.XLOOKUP($F9,raw_materials!$B:$B,raw_materials!AX:AX) -> 0 | BC9: =_xlfn.XLOOKUP($F9,raw_materials!$B:$B,raw_materials!AY:AY) -> 0 | BD9: =_xlfn.XLOOKUP($F9,raw_materials!$B:$B,raw_materials!AZ:AZ) -> 0 | BE9: =_xlfn.XLOOKUP($F9,raw_materials!$B:$B,raw_materials!BA:BA) -> 0 | BF9: =_xlfn.XLOOKUP($F9,raw_materials!$B:$B,raw_materials!BB:BB) -> 0 | BG9: =_xlfn.XLOOKUP($F9,raw_materials!$B:$B,raw_materials!BC:BC) -> 0 | BH9: =_xlfn.XLOOKUP($F9,raw_materials!$B:$B,raw_materials!BD:BD) -> 0 | BI9: =_xlfn.XLOOKUP($F9,raw_materials!$B:$B,raw_materials!BE:BE) -> 0 | BJ9: =_xlfn.XLOOKUP($F9,raw_materials!$B:$B,raw_materials!BF:BF) -> 0 | BK9: =_xlfn.XLOOKUP($F9,raw_materials!$B:$B,raw_materials!BG:BG) -> 0
A10: 9 | B10: Vellutata Di Zucca Con Funghi | C10: =_xlfn.XLOOKUP(B10,[1]Table0!$A:$A,[1]Table0!$B:$B) -> Italian 1 | D10: =_xlfn.XLOOKUP($F10,raw_materials!$B:$B,raw_materials!#REF!) -> Crema Di Zucca | E10: =_xlfn.XLOOKUP($F10,raw_materials!$B:$B,raw_materials!A:A) -> 200 | F10: =_xlfn.XLOOKUP($F10,raw_materials!$B:$B,raw_materials!B:B) -> GM | G10: =_xlfn.XLOOKUP($F10,raw_materials!$B:$B,raw_materials!C:C) -> All | H10: =_xlfn.XLOOKUP($F10,raw_materials!$B:$B,raw_materials!D:D) -> Funghi Button Trifolati | I10: =_xlfn.XLOOKUP($F10,raw_materials!$B:$B,raw_materials!E:E) -> 15 | J10: =_xlfn.XLOOKUP($F10,raw_materials!$B:$B,raw_materials!F:F) -> GM | K10: =_xlfn.XLOOKUP($F10,raw_materials!$B:$B,raw_materials!G:G) -> All | L10: =_xlfn.XLOOKUP($F10,raw_materials!$B:$B,raw_materials!H:H) -> Crema Di Blue Cheese | M10: =_xlfn.XLOOKUP($F10,raw_materials!$B:$B,raw_materials!I:I) -> 15 | N10: =_xlfn.XLOOKUP($F10,raw_materials!$B:$B,raw_materials!J:J) -> GM | O10: =_xlfn.XLOOKUP($F10,raw_materials!$B:$B,raw_materials!K:K) -> All | P10: =_xlfn.XLOOKUP($F10,raw_materials!$B:$B,raw_materials!L:L) -> Impasto Bruschetta | Q10: =_xlfn.XLOOKUP($F10,raw_materials!$B:$B,raw_materials!M:M) -> 40 | R10: =_xlfn.XLOOKUP($F10,raw_materials!$B:$B,raw_materials!N:N) -> GM | S10: =_xlfn.XLOOKUP($F10,raw_materials!$B:$B,raw_materials!O:O) -> All | T10: =_xlfn.XLOOKUP($F10,raw_materials!$B:$B,raw_materials!P:P) -> 0 | U10: =_xlfn.XLOOKUP($F10,raw_materials!$B:$B,raw_materials!Q:Q) -> 0 | V10: =_xlfn.XLOOKUP($F10,raw_materials!$B:$B,raw_materials!R:R) -> 0 | W10: =_xlfn.XLOOKUP($F10,raw_materials!$B:$B,raw_materials!S:S) -> 0 | X10: =_xlfn.XLOOKUP($F10,raw_materials!$B:$B,raw_materials!T:T) -> 0 | Y10: =_xlfn.XLOOKUP($F10,raw_materials!$B:$B,raw_materials!U:U) -> 0 | Z10: =_xlfn.XLOOKUP($F10,raw_materials!$B:$B,raw_materials!V:V) -> 0 | AA10: =_xlfn.XLOOKUP($F10,raw_materials!$B:$B,raw_materials!W:W) -> 0 | AB10: =_xlfn.XLOOKUP($F10,raw_materials!$B:$B,raw_materials!X:X) -> 0 | AC10: =_xlfn.XLOOKUP($F10,raw_materials!$B:$B,raw_materials!Y:Y) -> 0 | AD10: =_xlfn.XLOOKUP($F10,raw_materials!$B:$B,raw_materials!Z:Z) -> 0 | AE10: =_xlfn.XLOOKUP($F10,raw_materials!$B:$B,raw_materials!AA:AA) -> 0 | AF10: =_xlfn.XLOOKUP($F10,raw_materials!$B:$B,raw_materials!AB:AB) -> 0 | AG10: =_xlfn.XLOOKUP($F10,raw_materials!$B:$B,raw_materials!AC:AC) -> 0 | AH10: =_xlfn.XLOOKUP($F10,raw_materials!$B:$B,raw_materials!AD:AD) -> 0 | AI10: =_xlfn.XLOOKUP($F10,raw_materials!$B:$B,raw_materials!AE:AE) -> 0 | AJ10: =_xlfn.XLOOKUP($F10,raw_materials!$B:$B,raw_materials!AF:AF) -> 0 | AK10: =_xlfn.XLOOKUP($F10,raw_materials!$B:$B,raw_materials!AG:AG) -> 0 | AL10: =_xlfn.XLOOKUP($F10,raw_materials!$B:$B,raw_materials!AH:AH) -> 0 | AM10: =_xlfn.XLOOKUP($F10,raw_materials!$B:$B,raw_materials!AI:AI) -> 0 | AN10: =_xlfn.XLOOKUP($F10,raw_materials!$B:$B,raw_materials!AJ:AJ) -> 0 | AO10: =_xlfn.XLOOKUP($F10,raw_materials!$B:$B,raw_materials!AK:AK) -> 0 | AP10: =_xlfn.XLOOKUP($F10,raw_materials!$B:$B,raw_materials!AL:AL) -> 0 | AQ10: =_xlfn.XLOOKUP($F10,raw_materials!$B:$B,raw_materials!AM:AM) -> 0 | AR10: =_xlfn.XLOOKUP($F10,raw_materials!$B:$B,raw_materials!AN:AN) -> 0 | AS10: =_xlfn.XLOOKUP($F10,raw_materials!$B:$B,raw_materials!AO:AO) -> 0 | AT10: =_xlfn.XLOOKUP($F10,raw_materials!$B:$B,raw_materials!AP:AP) -> 0 | AU10: =_xlfn.XLOOKUP($F10,raw_materials!$B:$B,raw_materials!AQ:AQ) -> 0 | AV10: =_xlfn.XLOOKUP($F10,raw_materials!$B:$B,raw_materials!AR:AR) -> 0 | AW10: =_xlfn.XLOOKUP($F10,raw_materials!$B:$B,raw_materials!AS:AS) -> 0 | AX10: =_xlfn.XLOOKUP($F10,raw_materials!$B:$B,raw_materials!AT:AT) -> 0 | AY10: =_xlfn.XLOOKUP($F10,raw_materials!$B:$B,raw_materials!AU:AU) -> 0 | AZ10: =_xlfn.XLOOKUP($F10,raw_materials!$B:$B,raw_materials!AV:AV) -> 0 | BA10: =_xlfn.XLOOKUP($F10,raw_materials!$B:$B,raw_materials!AW:AW) -> 0 | BB10: =_xlfn.XLOOKUP($F10,raw_materials!$B:$B,raw_materials!AX:AX) -> 0 | BC10: =_xlfn.XLOOKUP($F10,raw_materials!$B:$B,raw_materials!AY:AY) -> 0 | BD10: =_xlfn.XLOOKUP($F10,raw_materials!$B:$B,raw_materials!AZ:AZ) -> 0 | BE10: =_xlfn.XLOOKUP($F10,raw_materials!$B:$B,raw_materials!BA:BA) -> 0 | BF10: =_xlfn.XLOOKUP($F10,raw_materials!$B:$B,raw_materials!BB:BB) -> 0 | BG10: =_xlfn.XLOOKUP($F10,raw_materials!$B:$B,raw_materials!BC:BC) -> 0 | BH10: =_xlfn.XLOOKUP($F10,raw_materials!$B:$B,raw_materials!BD:BD) -> 0 | BI10: =_xlfn.XLOOKUP($F10,raw_materials!$B:$B,raw_materials!BE:BE) -> 0 | BJ10: =_xlfn.XLOOKUP($F10,raw_materials!$B:$B,raw_materials!BF:BF) -> 0 | BK10: =_xlfn.XLOOKUP($F10,raw_materials!$B:$B,raw_materials!BG:BG) -> 0
A11: 10 | B11: Minestrone Con Polpette | C11: =_xlfn.XLOOKUP(B11,[1]Table0!$A:$A,[1]Table0!$B:$B) -> Italian 1 | D11: =_xlfn.XLOOKUP($F11,raw_materials!$B:$B,raw_materials!#REF!) -> Minestrone | E11: =_xlfn.XLOOKUP($F11,raw_materials!$B:$B,raw_materials!A:A) -> 250 | F11: =_xlfn.XLOOKUP($F11,raw_materials!$B:$B,raw_materials!B:B) -> GM | G11: =_xlfn.XLOOKUP($F11,raw_materials!$B:$B,raw_materials!C:C) -> All | H11: =_xlfn.XLOOKUP($F11,raw_materials!$B:$B,raw_materials!D:D) -> Polpetta Di Pollo | I11: =_xlfn.XLOOKUP($F11,raw_materials!$B:$B,raw_materials!E:E) -> 75 | J11: =_xlfn.XLOOKUP($F11,raw_materials!$B:$B,raw_materials!F:F) -> GM | K11: =_xlfn.XLOOKUP($F11,raw_materials!$B:$B,raw_materials!G:G) -> All | L11: =_xlfn.XLOOKUP($F11,raw_materials!$B:$B,raw_materials!H:H) -> Grana Padano | M11: =_xlfn.XLOOKUP($F11,raw_materials!$B:$B,raw_materials!I:I) -> 20 | N11: =_xlfn.XLOOKUP($F11,raw_materials!$B:$B,raw_materials!J:J) -> GM | O11: =_xlfn.XLOOKUP($F11,raw_materials!$B:$B,raw_materials!K:K) -> All | P11: =_xlfn.XLOOKUP($F11,raw_materials!$B:$B,raw_materials!L:L) -> Impasto Bruschetta | Q11: =_xlfn.XLOOKUP($F11,raw_materials!$B:$B,raw_materials!M:M) -> 50 | R11: =_xlfn.XLOOKUP($F11,raw_materials!$B:$B,raw_materials!N:N) -> GM | S11: =_xlfn.XLOOKUP($F11,raw_materials!$B:$B,raw_materials!O:O) -> All | T11: =_xlfn.XLOOKUP($F11,raw_materials!$B:$B,raw_materials!P:P) -> 0 | U11: =_xlfn.XLOOKUP($F11,raw_materials!$B:$B,raw_materials!Q:Q) -> 0 | V11: =_xlfn.XLOOKUP($F11,raw_materials!$B:$B,raw_materials!R:R) -> 0 | W11: =_xlfn.XLOOKUP($F11,raw_materials!$B:$B,raw_materials!S:S) -> 0 | X11: =_xlfn.XLOOKUP($F11,raw_materials!$B:$B,raw_materials!T:T) -> 0 | Y11: =_xlfn.XLOOKUP($F11,raw_materials!$B:$B,raw_materials!U:U) -> 0 | Z11: =_xlfn.XLOOKUP($F11,raw_materials!$B:$B,raw_materials!V:V) -> 0 | AA11: =_xlfn.XLOOKUP($F11,raw_materials!$B:$B,raw_materials!W:W) -> 0 | AB11: =_xlfn.XLOOKUP($F11,raw_materials!$B:$B,raw_materials!X:X) -> 0 | AC11: =_xlfn.XLOOKUP($F11,raw_materials!$B:$B,raw_materials!Y:Y) -> 0 | AD11: =_xlfn.XLOOKUP($F11,raw_materials!$B:$B,raw_materials!Z:Z) -> 0 | AE11: =_xlfn.XLOOKUP($F11,raw_materials!$B:$B,raw_materials!AA:AA) -> 0 | AF11: =_xlfn.XLOOKUP($F11,raw_materials!$B:$B,raw_materials!AB:AB) -> 0 | AG11: =_xlfn.XLOOKUP($F11,raw_materials!$B:$B,raw_materials!AC:AC) -> 0 | AH11: =_xlfn.XLOOKUP($F11,raw_materials!$B:$B,raw_materials!AD:AD) -> 0 | AI11: =_xlfn.XLOOKUP($F11,raw_materials!$B:$B,raw_materials!AE:AE) -> 0 | AJ11: =_xlfn.XLOOKUP($F11,raw_materials!$B:$B,raw_materials!AF:AF) -> 0 | AK11: =_xlfn.XLOOKUP($F11,raw_materials!$B:$B,raw_materials!AG:AG) -> 0 | AL11: =_xlfn.XLOOKUP($F11,raw_materials!$B:$B,raw_materials!AH:AH) -> 0 | AM11: =_xlfn.XLOOKUP($F11,raw_materials!$B:$B,raw_materials!AI:AI) -> 0 | AN11: =_xlfn.XLOOKUP($F11,raw_materials!$B:$B,raw_materials!AJ:AJ) -> 0 | AO11: =_xlfn.XLOOKUP($F11,raw_materials!$B:$B,raw_materials!AK:AK) -> 0 | AP11: =_xlfn.XLOOKUP($F11,raw_materials!$B:$B,raw_materials!AL:AL) -> 0 | AQ11: =_xlfn.XLOOKUP($F11,raw_materials!$B:$B,raw_materials!AM:AM) -> 0 | AR11: =_xlfn.XLOOKUP($F11,raw_materials!$B:$B,raw_materials!AN:AN) -> 0 | AS11: =_xlfn.XLOOKUP($F11,raw_materials!$B:$B,raw_materials!AO:AO) -> 0 | AT11: =_xlfn.XLOOKUP($F11,raw_materials!$B:$B,raw_materials!AP:AP) -> 0 | AU11: =_xlfn.XLOOKUP($F11,raw_materials!$B:$B,raw_materials!AQ:AQ) -> 0 | AV11: =_xlfn.XLOOKUP($F11,raw_materials!$B:$B,raw_materials!AR:AR) -> 0 | AW11: =_xlfn.XLOOKUP($F11,raw_materials!$B:$B,raw_materials!AS:AS) -> 0 | AX11: =_xlfn.XLOOKUP($F11,raw_materials!$B:$B,raw_materials!AT:AT) -> 0 | AY11: =_xlfn.XLOOKUP($F11,raw_materials!$B:$B,raw_materials!AU:AU) -> 0 | AZ11: =_xlfn.XLOOKUP($F11,raw_materials!$B:$B,raw_materials!AV:AV) -> 0 | BA11: =_xlfn.XLOOKUP($F11,raw_materials!$B:$B,raw_materials!AW:AW) -> 0 | BB11: =_xlfn.XLOOKUP($F11,raw_materials!$B:$B,raw_materials!AX:AX) -> 0 | BC11: =_xlfn.XLOOKUP($F11,raw_materials!$B:$B,raw_materials!AY:AY) -> 0 | BD11: =_xlfn.XLOOKUP($F11,raw_materials!$B:$B,raw_materials!AZ:AZ) -> 0 | BE11: =_xlfn.XLOOKUP($F11,raw_materials!$B:$B,raw_materials!BA:BA) -> 0 | BF11: =_xlfn.XLOOKUP($F11,raw_materials!$B:$B,raw_materials!BB:BB) -> 0 | BG11: =_xlfn.XLOOKUP($F11,raw_materials!$B:$B,raw_materials!BC:BC) -> 0 | BH11: =_xlfn.XLOOKUP($F11,raw_materials!$B:$B,raw_materials!BD:BD) -> 0 | BI11: =_xlfn.XLOOKUP($F11,raw_materials!$B:$B,raw_materials!BE:BE) -> 0 | BJ11: =_xlfn.XLOOKUP($F11,raw_materials!$B:$B,raw_materials!BF:BF) -> 0 | BK11: =_xlfn.XLOOKUP($F11,raw_materials!$B:$B,raw_materials!BG:BG) -> 0
A12: 11 | B12: Insalata Mista Con Mozzarella Salad | C12: =_xlfn.XLOOKUP(B12,[1]Table0!$A:$A,[1]Table0!$B:$B) -> Italian 1 | D12: =_xlfn.XLOOKUP($F12,raw_materials!$B:$B,raw_materials!#REF!) -> Kalamata Pitted Olives 3.6 Kg | E12: =_xlfn.XLOOKUP($F12,raw_materials!$B:$B,raw_materials!A:A) -> 15 | F12: =_xlfn.XLOOKUP($F12,raw_materials!$B:$B,raw_materials!B:B) -> GM | G12: =_xlfn.XLOOKUP($F12,raw_materials!$B:$B,raw_materials!C:C) -> All | H12: =_xlfn.XLOOKUP($F12,raw_materials!$B:$B,raw_materials!D:D) -> Jivo Extra Olive Oil | I12: =_xlfn.XLOOKUP($F12,raw_materials!$B:$B,raw_materials!E:E) -> 20 | J12: =_xlfn.XLOOKUP($F12,raw_materials!$B:$B,raw_materials!F:F) -> ML | K12: =_xlfn.XLOOKUP($F12,raw_materials!$B:$B,raw_materials!G:G) -> All | L12: =_xlfn.XLOOKUP($F12,raw_materials!$B:$B,raw_materials!H:H) -> Table Salt | M12: =_xlfn.XLOOKUP($F12,raw_materials!$B:$B,raw_materials!I:I) -> 2 | N12: =_xlfn.XLOOKUP($F12,raw_materials!$B:$B,raw_materials!J:J) -> GM | O12: =_xlfn.XLOOKUP($F12,raw_materials!$B:$B,raw_materials!K:K) -> All | P12: =_xlfn.XLOOKUP($F12,raw_materials!$B:$B,raw_materials!L:L) -> Tomato Cherry | Q12: =_xlfn.XLOOKUP($F12,raw_materials!$B:$B,raw_materials!M:M) -> 50 | R12: =_xlfn.XLOOKUP($F12,raw_materials!$B:$B,raw_materials!N:N) -> GM | S12: =_xlfn.XLOOKUP($F12,raw_materials!$B:$B,raw_materials!O:O) -> All | T12: =_xlfn.XLOOKUP($F12,raw_materials!$B:$B,raw_materials!P:P) -> Rocket Lettuce | U12: =_xlfn.XLOOKUP($F12,raw_materials!$B:$B,raw_materials!Q:Q) -> 30 | V12: =_xlfn.XLOOKUP($F12,raw_materials!$B:$B,raw_materials!R:R) -> GM | W12: =_xlfn.XLOOKUP($F12,raw_materials!$B:$B,raw_materials!S:S) -> All | X12: =_xlfn.XLOOKUP($F12,raw_materials!$B:$B,raw_materials!T:T) -> English Cucumber Europeans Cucumber | Y12: =_xlfn.XLOOKUP($F12,raw_materials!$B:$B,raw_materials!U:U) -> 50 | Z12: =_xlfn.XLOOKUP($F12,raw_materials!$B:$B,raw_materials!V:V) -> GM | AA12: =_xlfn.XLOOKUP($F12,raw_materials!$B:$B,raw_materials!W:W) -> All | AB12: =_xlfn.XLOOKUP($F12,raw_materials!$B:$B,raw_materials!X:X) -> Iceberg Lettuce | AC12: =_xlfn.XLOOKUP($F12,raw_materials!$B:$B,raw_materials!Y:Y) -> 80 | AD12: =_xlfn.XLOOKUP($F12,raw_materials!$B:$B,raw_materials!Z:Z) -> GM | AE12: =_xlfn.XLOOKUP($F12,raw_materials!$B:$B,raw_materials!AA:AA) -> All | AF12: =_xlfn.XLOOKUP($F12,raw_materials!$B:$B,raw_materials!AB:AB) -> Bocconcini Mozzarella | AG12: =_xlfn.XLOOKUP($F12,raw_materials!$B:$B,raw_materials!AC:AC) -> 25 | AH12: =_xlfn.XLOOKUP($F12,raw_materials!$B:$B,raw_materials!AD:AD) -> GM | AI12: =_xlfn.XLOOKUP($F12,raw_materials!$B:$B,raw_materials!AE:AE) -> All | AJ12: =_xlfn.XLOOKUP($F12,raw_materials!$B:$B,raw_materials!AF:AF) -> Lollo Rosso Lettuce | AK12: =_xlfn.XLOOKUP($F12,raw_materials!$B:$B,raw_materials!AG:AG) -> 50 | AL12: =_xlfn.XLOOKUP($F12,raw_materials!$B:$B,raw_materials!AH:AH) -> GM | AM12: =_xlfn.XLOOKUP($F12,raw_materials!$B:$B,raw_materials!AI:AI) -> All | AN12: =_xlfn.XLOOKUP($F12,raw_materials!$B:$B,raw_materials!AJ:AJ) -> Grana Padano | AO12: =_xlfn.XLOOKUP($F12,raw_materials!$B:$B,raw_materials!AK:AK) -> 15 | AP12: =_xlfn.XLOOKUP($F12,raw_materials!$B:$B,raw_materials!AL:AL) -> GM | AQ12: =_xlfn.XLOOKUP($F12,raw_materials!$B:$B,raw_materials!AM:AM) -> All | AR12: =_xlfn.XLOOKUP($F12,raw_materials!$B:$B,raw_materials!AN:AN) -> 0 | AS12: =_xlfn.XLOOKUP($F12,raw_materials!$B:$B,raw_materials!AO:AO) -> 0 | AT12: =_xlfn.XLOOKUP($F12,raw_materials!$B:$B,raw_materials!AP:AP) -> 0 | AU12: =_xlfn.XLOOKUP($F12,raw_materials!$B:$B,raw_materials!AQ:AQ) -> 0 | AV12: =_xlfn.XLOOKUP($F12,raw_materials!$B:$B,raw_materials!AR:AR) -> 0 | AW12: =_xlfn.XLOOKUP($F12,raw_materials!$B:$B,raw_materials!AS:AS) -> 0 | AX12: =_xlfn.XLOOKUP($F12,raw_materials!$B:$B,raw_materials!AT:AT) -> 0 | AY12: =_xlfn.XLOOKUP($F12,raw_materials!$B:$B,raw_materials!AU:AU) -> 0 | AZ12: =_xlfn.XLOOKUP($F12,raw_materials!$B:$B,raw_materials!AV:AV) -> 0 | BA12: =_xlfn.XLOOKUP($F12,raw_materials!$B:$B,raw_materials!AW:AW) -> 0 | BB12: =_xlfn.XLOOKUP($F12,raw_materials!$B:$B,raw_materials!AX:AX) -> 0 | BC12: =_xlfn.XLOOKUP($F12,raw_materials!$B:$B,raw_materials!AY:AY) -> 0 | BD12: =_xlfn.XLOOKUP($F12,raw_materials!$B:$B,raw_materials!AZ:AZ) -> 0 | BE12: =_xlfn.XLOOKUP($F12,raw_materials!$B:$B,raw_materials!BA:BA) -> 0 | BF12: =_xlfn.XLOOKUP($F12,raw_materials!$B:$B,raw_materials!BB:BB) -> 0 | BG12: =_xlfn.XLOOKUP($F12,raw_materials!$B:$B,raw_materials!BC:BC) -> 0 | BH12: =_xlfn.XLOOKUP($F12,raw_materials!$B:$B,raw_materials!BD:BD) -> 0 | BI12: =_xlfn.XLOOKUP($F12,raw_materials!$B:$B,raw_materials!BE:BE) -> 0 | BJ12: =_xlfn.XLOOKUP($F12,raw_materials!$B:$B,raw_materials!BF:BF) -> 0 | BK12: =_xlfn.XLOOKUP($F12,raw_materials!$B:$B,raw_materials!BG:BG) -> 0
A13: 12 | B13: Insalata Mista Con Pollo Salad | C13: =_xlfn.XLOOKUP(B13,[1]Table0!$A:$A,[1]Table0!$B:$B) -> Italian 1 | D13: =_xlfn.XLOOKUP($F13,raw_materials!$B:$B,raw_materials!#REF!) -> Grill Chicken Italian | E13: =_xlfn.XLOOKUP($F13,raw_materials!$B:$B,raw_materials!A:A) -> 80 | F13: =_xlfn.XLOOKUP($F13,raw_materials!$B:$B,raw_materials!B:B) -> GM | G13: =_xlfn.XLOOKUP($F13,raw_materials!$B:$B,raw_materials!C:C) -> All | H13: =_xlfn.XLOOKUP($F13,raw_materials!$B:$B,raw_materials!D:D) -> Jivo Extra Olive Oil | I13: =_xlfn.XLOOKUP($F13,raw_materials!$B:$B,raw_materials!E:E) -> 20 | J13: =_xlfn.XLOOKUP($F13,raw_materials!$B:$B,raw_materials!F:F) -> ML | K13: =_xlfn.XLOOKUP($F13,raw_materials!$B:$B,raw_materials!G:G) -> All | L13: =_xlfn.XLOOKUP($F13,raw_materials!$B:$B,raw_materials!H:H) -> Table Salt | M13: =_xlfn.XLOOKUP($F13,raw_materials!$B:$B,raw_materials!I:I) -> 1 | N13: =_xlfn.XLOOKUP($F13,raw_materials!$B:$B,raw_materials!J:J) -> GM | O13: =_xlfn.XLOOKUP($F13,raw_materials!$B:$B,raw_materials!K:K) -> All | P13: =_xlfn.XLOOKUP($F13,raw_materials!$B:$B,raw_materials!L:L) -> Tomato Cherry | Q13: =_xlfn.XLOOKUP($F13,raw_materials!$B:$B,raw_materials!M:M) -> 50 | R13: =_xlfn.XLOOKUP($F13,raw_materials!$B:$B,raw_materials!N:N) -> GM | S13: =_xlfn.XLOOKUP($F13,raw_materials!$B:$B,raw_materials!O:O) -> All | T13: =_xlfn.XLOOKUP($F13,raw_materials!$B:$B,raw_materials!P:P) -> Kalamata Pitted Olives 3.6 Kg | U13: =_xlfn.XLOOKUP($F13,raw_materials!$B:$B,raw_materials!Q:Q) -> 15 | V13: =_xlfn.XLOOKUP($F13,raw_materials!$B:$B,raw_materials!R:R) -> GM | W13: =_xlfn.XLOOKUP($F13,raw_materials!$B:$B,raw_materials!S:S) -> All | X13: =_xlfn.XLOOKUP($F13,raw_materials!$B:$B,raw_materials!T:T) -> Rocket Lettuce | Y13: =_xlfn.XLOOKUP($F13,raw_materials!$B:$B,raw_materials!U:U) -> 30 | Z13: =_xlfn.XLOOKUP($F13,raw_materials!$B:$B,raw_materials!V:V) -> GM | AA13: =_xlfn.XLOOKUP($F13,raw_materials!$B:$B,raw_materials!W:W) -> All | AB13: =_xlfn.XLOOKUP($F13,raw_materials!$B:$B,raw_materials!X:X) -> Lollo Rosso Lettuce | AC13: =_xlfn.XLOOKUP($F13,raw_materials!$B:$B,raw_materials!Y:Y) -> 40 | AD13: =_xlfn.XLOOKUP($F13,raw_materials!$B:$B,raw_materials!Z:Z) -> GM | AE13: =_xlfn.XLOOKUP($F13,raw_materials!$B:$B,raw_materials!AA:AA) -> All | AF13: =_xlfn.XLOOKUP($F13,raw_materials!$B:$B,raw_materials!AB:AB) -> English Cucumber Europeans Cucumber | AG13: =_xlfn.XLOOKUP($F13,raw_materials!$B:$B,raw_materials!AC:AC) -> 50 | AH13: =_xlfn.XLOOKUP($F13,raw_materials!$B:$B,raw_materials!AD:AD) -> GM | AI13: =_xlfn.XLOOKUP($F13,raw_materials!$B:$B,raw_materials!AE:AE) -> All | AJ13: =_xlfn.XLOOKUP($F13,raw_materials!$B:$B,raw_materials!AF:AF) -> Iceberg Lettuce | AK13: =_xlfn.XLOOKUP($F13,raw_materials!$B:$B,raw_materials!AG:AG) -> 80 | AL13: =_xlfn.XLOOKUP($F13,raw_materials!$B:$B,raw_materials!AH:AH) -> GM | AM13: =_xlfn.XLOOKUP($F13,raw_materials!$B:$B,raw_materials!AI:AI) -> All | AN13: =_xlfn.XLOOKUP($F13,raw_materials!$B:$B,raw_materials!AJ:AJ) -> Grana Padano | AO13: =_xlfn.XLOOKUP($F13,raw_materials!$B:$B,raw_materials!AK:AK) -> 15 | AP13: =_xlfn.XLOOKUP($F13,raw_materials!$B:$B,raw_materials!AL:AL) -> GM | AQ13: =_xlfn.XLOOKUP($F13,raw_materials!$B:$B,raw_materials!AM:AM) -> All | AR13: =_xlfn.XLOOKUP($F13,raw_materials!$B:$B,raw_materials!AN:AN) -> 0 | AS13: =_xlfn.XLOOKUP($F13,raw_materials!$B:$B,raw_materials!AO:AO) -> 0 | AT13: =_xlfn.XLOOKUP($F13,raw_materials!$B:$B,raw_materials!AP:AP) -> 0 | AU13: =_xlfn.XLOOKUP($F13,raw_materials!$B:$B,raw_materials!AQ:AQ) -> 0 | AV13: =_xlfn.XLOOKUP($F13,raw_materials!$B:$B,raw_materials!AR:AR) -> 0 | AW13: =_xlfn.XLOOKUP($F13,raw_materials!$B:$B,raw_materials!AS:AS) -> 0 | AX13: =_xlfn.XLOOKUP($F13,raw_materials!$B:$B,raw_materials!AT:AT) -> 0 | AY13: =_xlfn.XLOOKUP($F13,raw_materials!$B:$B,raw_materials!AU:AU) -> 0 | AZ13: =_xlfn.XLOOKUP($F13,raw_materials!$B:$B,raw_materials!AV:AV) -> 0 | BA13: =_xlfn.XLOOKUP($F13,raw_materials!$B:$B,raw_materials!AW:AW) -> 0 | BB13: =_xlfn.XLOOKUP($F13,raw_materials!$B:$B,raw_materials!AX:AX) -> 0 | BC13: =_xlfn.XLOOKUP($F13,raw_materials!$B:$B,raw_materials!AY:AY) -> 0 | BD13: =_xlfn.XLOOKUP($F13,raw_materials!$B:$B,raw_materials!AZ:AZ) -> 0 | BE13: =_xlfn.XLOOKUP($F13,raw_materials!$B:$B,raw_materials!BA:BA) -> 0 | BF13: =_xlfn.XLOOKUP($F13,raw_materials!$B:$B,raw_materials!BB:BB) -> 0 | BG13: =_xlfn.XLOOKUP($F13,raw_materials!$B:$B,raw_materials!BC:BC) -> 0 | BH13: =_xlfn.XLOOKUP($F13,raw_materials!$B:$B,raw_materials!BD:BD) -> 0 | BI13: =_xlfn.XLOOKUP($F13,raw_materials!$B:$B,raw_materials!BE:BE) -> 0 | BJ13: =_xlfn.XLOOKUP($F13,raw_materials!$B:$B,raw_materials!BF:BF) -> 0 | BK13: =_xlfn.XLOOKUP($F13,raw_materials!$B:$B,raw_materials!BG:BG) -> 0
... A308: 307 | B308: Caramelized Chicken Pizza Half | C308: =_xlfn.XLOOKUP(B308,[1]Table0!$A:$A,[1]Table0!$B:$B) -> Pizza 1 | D308: =_xlfn.XLOOKUP($F308,raw_materials!$B:$B,raw_materials!#REF!) -> Impasto Pizza | E308: =_xlfn.XLOOKUP($F308,raw_materials!$B:$B,raw_materials!A:A) -> 140 | F308: =_xlfn.XLOOKUP($F308,raw_materials!$B:$B,raw_materials!B:B) -> GM | G308: =_xlfn.XLOOKUP($F308,raw_materials!$B:$B,raw_materials!C:C) -> All | H308: =_xlfn.XLOOKUP($F308,raw_materials!$B:$B,raw_materials!D:D) -> Pomodoro Base Per Pizza | I308: =_xlfn.XLOOKUP($F308,raw_materials!$B:$B,raw_materials!E:E) -> 45 | J308: =_xlfn.XLOOKUP($F308,raw_materials!$B:$B,raw_materials!F:F) -> GM | K308: =_xlfn.XLOOKUP($F308,raw_materials!$B:$B,raw_materials!G:G) -> All | L308: =_xlfn.XLOOKUP($F308,raw_materials!$B:$B,raw_materials!H:H) -> Milky Mist Shredded Mozzarella Cheese | M308: =_xlfn.XLOOKUP($F308,raw_materials!$B:$B,raw_materials!I:I) -> 50 | N308: =_xlfn.XLOOKUP($F308,raw_materials!$B:$B,raw_materials!J:J) -> GM | O308: =_xlfn.XLOOKUP($F308,raw_materials!$B:$B,raw_materials!K:K) -> All | P308: =_xlfn.XLOOKUP($F308,raw_materials!$B:$B,raw_materials!L:L) -> Caramelized Onion | Q308: =_xlfn.XLOOKUP($F308,raw_materials!$B:$B,raw_materials!M:M) -> 25 | R308: =_xlfn.XLOOKUP($F308,raw_materials!$B:$B,raw_materials!N:N) -> GM | S308: =_xlfn.XLOOKUP($F308,raw_materials!$B:$B,raw_materials!O:O) -> All | T308: =_xlfn.XLOOKUP($F308,raw_materials!$B:$B,raw_materials!P:P) -> Bbq Chicken | U308: =_xlfn.XLOOKUP($F308,raw_materials!$B:$B,raw_materials!Q:Q) -> 40 | V308: =_xlfn.XLOOKUP($F308,raw_materials!$B:$B,raw_materials!R:R) -> GM | W308: =_xlfn.XLOOKUP($F308,raw_materials!$B:$B,raw_materials!S:S) -> All | X308: =_xlfn.XLOOKUP($F308,raw_materials!$B:$B,raw_materials!T:T) -> Stracciatella | Y308: =_xlfn.XLOOKUP($F308,raw_materials!$B:$B,raw_materials!U:U) -> 15 | Z308: =_xlfn.XLOOKUP($F308,raw_materials!$B:$B,raw_materials!V:V) -> GM | AA308: =_xlfn.XLOOKUP($F308,raw_materials!$B:$B,raw_materials!W:W) -> All | AB308: =_xlfn.XLOOKUP($F308,raw_materials!$B:$B,raw_materials!X:X) -> Naldoni Semola Di Grano Duro | AC308: =_xlfn.XLOOKUP($F308,raw_materials!$B:$B,raw_materials!Y:Y) -> 10 | AD308: =_xlfn.XLOOKUP($F308,raw_materials!$B:$B,raw_materials!Z:Z) -> GM | AE308: =_xlfn.XLOOKUP($F308,raw_materials!$B:$B,raw_materials!AA:AA) -> All | AF308: =_xlfn.XLOOKUP($F308,raw_materials!$B:$B,raw_materials!AB:AB) -> 0 | AG308: =_xlfn.XLOOKUP($F308,raw_materials!$B:$B,raw_materials!AC:AC) -> 0 | AH308: =_xlfn.XLOOKUP($F308,raw_materials!$B:$B,raw_materials!AD:AD) -> 0 | AI308: =_xlfn.XLOOKUP($F308,raw_materials!$B:$B,raw_materials!AE:AE) -> 0 | AJ308: =_xlfn.XLOOKUP($F308,raw_materials!$B:$B,raw_materials!AF:AF) -> 0 | AK308: =_xlfn.XLOOKUP($F308,raw_materials!$B:$B,raw_materials!AG:AG) -> 0 | AL308: =_xlfn.XLOOKUP($F308,raw_materials!$B:$B,raw_materials!AH:AH) -> 0 | AM308: =_xlfn.XLOOKUP($F308,raw_materials!$B:$B,raw_materials!AI:AI) -> 0 | AN308: =_xlfn.XLOOKUP($F308,raw_materials!$B:$B,raw_materials!AJ:AJ) -> 0 | AO308: =_xlfn.XLOOKUP($F308,raw_materials!$B:$B,raw_materials!AK:AK) -> 0 | AP308: =_xlfn.XLOOKUP($F308,raw_materials!$B:$B,raw_materials!AL:AL) -> 0 | AQ308: =_xlfn.XLOOKUP($F308,raw_materials!$B:$B,raw_materials!AM:AM) -> 0 | AR308: =_xlfn.XLOOKUP($F308,raw_materials!$B:$B,raw_materials!AN:AN) -> 0 | AS308: =_xlfn.XLOOKUP($F308,raw_materials!$B:$B,raw_materials!AO:AO) -> 0 | AT308: =_xlfn.XLOOKUP($F308,raw_materials!$B:$B,raw_materials!AP:AP) -> 0 | AU308: =_xlfn.XLOOKUP($F308,raw_materials!$B:$B,raw_materials!AQ:AQ) -> 0 | AV308: =_xlfn.XLOOKUP($F308,raw_materials!$B:$B,raw_materials!AR:AR) -> 0 | AW308: =_xlfn.XLOOKUP($F308,raw_materials!$B:$B,raw_materials!AS:AS) -> 0 | AX308: =_xlfn.XLOOKUP($F308,raw_materials!$B:$B,raw_materials!AT:AT) -> 0 | AY308: =_xlfn.XLOOKUP($F308,raw_materials!$B:$B,raw_materials!AU:AU) -> 0 | AZ308: =_xlfn.XLOOKUP($F308,raw_materials!$B:$B,raw_materials!AV:AV) -> 0 | BA308: =_xlfn.XLOOKUP($F308,raw_materials!$B:$B,raw_materials!AW:AW) -> 0 | BB308: =_xlfn.XLOOKUP($F308,raw_materials!$B:$B,raw_materials!AX:AX) -> 0 | BC308: =_xlfn.XLOOKUP($F308,raw_materials!$B:$B,raw_materials!AY:AY) -> 0 | BD308: =_xlfn.XLOOKUP($F308,raw_materials!$B:$B,raw_materials!AZ:AZ) -> 0 | BE308: =_xlfn.XLOOKUP($F308,raw_materials!$B:$B,raw_materials!BA:BA) -> 0 | BF308: =_xlfn.XLOOKUP($F308,raw_materials!$B:$B,raw_materials!BB:BB) -> 0 | BG308: =_xlfn.XLOOKUP($F308,raw_materials!$B:$B,raw_materials!BC:BC) -> 0 | BH308: =_xlfn.XLOOKUP($F308,raw_materials!$B:$B,raw_materials!BD:BD) -> 0 | BI308: =_xlfn.XLOOKUP($F308,raw_materials!$B:$B,raw_materials!BE:BE) -> 0 | BJ308: =_xlfn.XLOOKUP($F308,raw_materials!$B:$B,raw_materials!BF:BF) -> 0 | BK308: =_xlfn.XLOOKUP($F308,raw_materials!$B:$B,raw_materials!BG:BG) -> 0

Sheet raw_materials
A1: id | B1: ItemName | C1: Department | D1: RawMaterial | E1: Qty | F1: Unit | G1: Area | H1: RawMaterial | I1: Qty | J1: Unit | K1: Area | L1: RawMaterial | M1: Qty | N1: Unit | O1: Area | P1: RawMaterial | Q1: Qty | R1: Unit | S1: Area | T1: RawMaterial | U1: Qty | V1: Unit | W1: Area | X1: RawMaterial | Y1: Qty | Z1: Unit | AA1: Area | AB1: RawMaterial | AC1: Qty | AD1: Unit | AE1: Area | AF1: RawMaterial | AG1: Qty | AH1: Unit | AI1: Area | AJ1: RawMaterial | AK1: Qty | AL1: Unit | AM1: Area | AN1: RawMaterial | AO1: Qty | AP1: Unit | AQ1: Area | AR1: RawMaterial | AS1: Qty | AT1: Unit | AU1: Area | AV1: RawMaterial | AW1: Qty | AX1: Unit | AY1: Area | AZ1: RawMaterial | BA1: Qty | BB1: Unit | BC1: Area | BD1: RawMaterial | BE1: Qty | BF1: Unit | BG1: Area | BH1: RawMaterial | BI1: Qty | BJ1: Unit | BK1: Area
A2: 1 | B2: Tiramisu Shake | C2: Bar 1 | D2: Good Life Milk | E2: 120 | F2: ML | G2: All | H2: Icecream Vanilla | I2: 80 | J2: GM | K2: All | L2: Instant Bru Coffee | M2: 30 | N2: GM | O2: All | P2: Ice Cube Regular | Q2: 80 | R2: GM | S2: All | T2: Sugar Syrup | U2: 30 | V2: ML | W2: All
A3: 2 | B3: Vanilla Milkshake | C3: Bar 1 | D3: Good Life Milk | E3: 120 | F3: ML | G3: All | H3: Icecream Vanilla | I3: 80 | J3: GM | K3: All | L3: Vanilla Syrup 700 | M3: 30 | N3: ML | O3: All | P3: Ice Cube Regular | Q3: 80 | R3: GM | S3: All
A4: 3 | B4: Chocolate Milkshake | C4: Bar 1 | D4: Good Life Milk | E4: 120 | F4: ML | G4: All | H4: Icecream Vanilla | I4: 80 | J4: GM | K4: All | L4: Hershey's Chocolate Syrup 623 Gm | M4: 60 | N4: ML | O4: All | P4: Sugar Syrup | Q4: 30 | R4: ML | S4: All | T4: Ice Cube Regular | U4: 80 | V4: GM | W4: All
A5: 4 | B5: Oreo Milkshake | C5: Bar 1 | D5: Good Life Milk | E5: 120 | F5: ML | G5: All | H5: Icecream Vanilla | I5: 80 | J5: GM | K5: All | L5: Instant Bru Coffee | M5: 20 | N5: GM | O5: All | P5: Coffee Syrup 700 Ml | Q5: 30 | R5: ML | S5: All | T5: Sugar Syrup | U5: 30 | V5: ML | W5: All | X5: Ice Cube Regular | Y5: 80 | Z5: GM | AA5: All
A6: 5 | B6: Pineapple Can Juice | C6: Bar 1 | D6: Pineapple Juice | E6: 300 | F6: ML | G6: All
A7: 6 | B7: Cranberry Can Juice | C7: Bar 1 | D7: Cranberry Juice | E7: 300 | F7: ML | G7: All
A8: 7 | B8: Goodman 30ml | C8: Bar 1 | D8: Goodman | E8: 30 | F8: ML | G8: All
A9: 8 | B9: Apartado Grand Makbec Btl | C9: Bar 1 | D9: Apartado Gran Malbec | E9: 1 | F9: btl | G9: All
A10: 9 | B10: Chicken Al Pesto Rosso | Pesto Rosso [fn] (Gnocchi) | C10: Italian 1 | D10: Gnocchi Patate | E10: 0.22 | F10: Kg | G10: All | H10: Sugo Di Pomodoro | I10: 0.08 | J10: Kg | K10: All | L10: Pesto Alla Genovese | M10: 0.08 | N10: Kg | O10: All | P10: Grana Padano | Q10: 0.02 | R10: Kg | S10: All | T10: Grill Chicken Italian | U10: 0.06 | V10: Kg | W10: All | X10: Basil Leaves | Y10: 0.005 | Z10: Kg | AA10: All | AB10: Table Salt | AC10: 0.003 | AD10: Kg | AE10: All | AF10: Jivo Extra Olive Oil | AG10: 5 | AH10: ML | AI10: All
A11: 10 | B11: Chicken Al Pesto Rosso | Pesto Rosso [fn] (Fettuccini) | C11: Italian 1 | D11: Pasta Fresca All Uovo | E11: 0.11 | F11: Kg | G11: All | H11: Sugo Di Pomodoro | I11: 0.08 | J11: Kg | K11: All | L11: Pesto Alla Genovese | M11: 0.08 | N11: Kg | O11: All | P11: Grana Padano | Q11: 0.02 | R11: Kg | S11: All | T11: Table Salt | U11: 0.003 | V11: Kg | W11: All | X11: Grill Chicken Italian | Y11: 0.06 | Z11: Kg | AA11: All | AB11: Basil Leaves | AC11: 0.005 | AD11: Kg | AE11: All | AF11: Jivo Extra Olive Oil | AG11: 5 | AH11: ML | AI11: All
A12: 11 | B12: Chicken Al Pesto Rosso | Pesto Rosso [fn] (Penne) | C12: Italian 1 | D12: Panne Pasta | E12: 0.1 | F12: Kg | G12: All | H12: Sugo Di Pomodoro | I12: 0.08 | J12: Kg | K12: All | L12: Pesto Alla Genovese | M12: 0.08 | N12: Kg | O12: All | P12: Grana Padano | Q12: 0.02 | R12: Kg | S12: All | T12: Grill Chicken Italian | U12: 0.06 | V12: Kg | W12: All | X12: Table Salt | Y12: 0.003 | Z12: Kg | AA12: All | AB12: Basil Leaves | AC12: 0.005 | AD12: Kg | AE12: All | AF12: Jivo Extra Olive Oil | AG12: 5 | AH12: ML | AI12: All
A13: 12 | B13: Chicken Al Pesto Rosso | Pesto Rosso [fn] (Spaghetti) | C13: Italian 1 | D13: Spaghetti Pasta | E13: 0.1 | F13: Kg | G13: All | H13: Sugo Di Pomodoro | I13: 0.08 | J13: Kg | K13: All | L13: Pesto Alla Genovese | M13: 0.08 | N13: Kg | O13: All | P13: Basil Leaves | Q13: 0.005 | R13: Kg | S13: All | T13: Table Salt | U13: 0.003 | V13: Kg | W13: All | X13: Grill Chicken Italian | Y13: 0.06 | Z13: Kg | AA13: All | AB13: Jivo Extra Olive Oil | AC13: 5 | AD13: ML | AE13: All | AF13: Grana Padano | AG13: 0.02 | AH13: Kg | AI13: All
A14: 13 | B14: Veg Al Pesto Rosso | Pesto Rosso [fn] (Gnocchi) | C14: Italian 1 | D14: Gnocchi Patate | E14: 0.22 | F14: Kg | G14: All | H14: Sugo Di Pomodoro | I14: 0.08 | J14: Kg | K14: All | L14: Pesto Alla Genovese | M14: 0.08 | N14: Kg | O14: All | P14: Basil Leaves | Q14: 0.005 | R14: Kg | S14: All | T14: Grana Padano | U14: 0.02 | V14: Kg | W14: All | X14: Table Salt | Y14: 0.003 | Z14: Kg | AA14: All | AB14: Jivo Extra Olive Oil | AC14: 5 | AD14: ML | AE14: All | AF14: Carrot | AG14: 0.02 | AH14: Kg | AI14: All | AJ14: Broccoli | AK14: 0.02 | AL14: Kg | AM14: All | AN14: Zucchini Green | AO14: 0.02 | AP14: Kg | AQ14: All | AR14: Zucchini Yellow | AS14: 0.02 | AT14: Kg | AU14: All | AV14: Capsicum Red | AW14: 0.02 | AX14: Kg | AY14: All | AZ14: Capsicum Yellow | BA14: 0.02 | BB14: Kg | BC14: All
A15: 14 | B15: Veg Al Pesto Rosso | Pesto Rosso [fn] (Fettuccini) | C15: Italian 1 | D15: Pasta Fresca All Uovo | E15: 0.11 | F15: Kg | G15: All | H15: Sugo Di Pomodoro | I15: 0.08 | J15: Kg | K15: All | L15: Pesto Alla Genovese | M15: 0.08 | N15: Kg | O15: All | P15: Basil Leaves | Q15: 0.005 | R15: Kg | S15: All | T15: Grana Padano | U15: 0.02 | V15: Kg | W15: All | X15: Table Salt | Y15: 0.003 | Z15: Kg | AA15: All | AB15: Jivo Extra Olive Oil | AC15: 5 | AD15: ML | AE15: All | AF15: Carrot | AG15: 0.02 | AH15: Kg | AI15: All | AJ15: Capsicum Yellow | AK15: 0.02 | AL15: Kg | AM15: All | AN15: Capsicum Red | AO15: 0.02 | AP15: Kg | AQ15: All | AR15: Broccoli | AS15: 0.02 | AT15: Kg | AU15: All | AV15: Zucchini Green | AW15: 0.02 | AX15: Kg | AY15: All | AZ15: Zucchini Yellow | BA15: 0.02 | BB15: Kg | BC15: All
A16: 15 | B16: Veg Al Pesto Rosso | Pesto Rosso [fn] (Penne) | C16: Italian 1 | D16: Panne Pasta | E16: 0.1 | F16: Kg | G16: All | H16: Sugo Di Pomodoro | I16: 0.08 | J16: Kg | K16: All | L16: Pesto Alla Genovese | M16: 0.08 | N16: Kg | O16: All | P16: Basil Leaves | Q16: 0.005 | R16: Kg | S16: All | T16: Grana Padano | U16: 0.02 | V16: Kg | W16: All | X16: Table Salt | Y16: 0.003 | Z16: Kg | AA16: All | AB16: Jivo Extra Olive Oil | AC16: 5 | AD16: ML | AE16: All | AF16: Carrot | AG16: 0.02 | AH16: Kg | AI16: All | AJ16: Zucchini Green | AK16: 0.02 | AL16: Kg | AM16: All | AN16: Zucchini Yellow | AO16: 0.02 | AP16: Kg | AQ16: All | AR16: Broccoli | AS16: 0.02 | AT16: Kg | AU16: All | AV16: Capsicum Red | AW16: 0.02 | AX16: Kg | AY16: All | AZ16: Capsicum Yellow | BA16: 0.02 | BB16: Kg | BC16: All
A17: 16 | B17: Veg Al Pesto Rosso | Pesto Rosso [fn] (Spaghetti) | C17: Italian 1 | D17: Spaghetti Pasta | E17: 0.1 | F17: Kg | G17: All | H17: Pesto Alla Genovese | I17: 0.08 | J17: Kg | K17: All | L17: Sugo Di Pomodoro | M17: 0.08 | N17: Kg | O17: All | P17: Table Salt | Q17: 0.003 | R17: Kg | S17: All | T17: Basil Leaves | U17: 0.005 | V17: Kg | W17: All | X17: Jivo Extra Olive Oil | Y17: 5 | Z17: ML | AA17: All | AB17: Grana Padano | AC17: 0.02 | AD17: Kg | AE17: All | AF17: Carrot | AG17: 0.02 | AH17: Kg | AI17: All | AJ17: Zucchini Green | AK17: 0.02 | AL17: Kg | AM17: All | AN17: Zucchini Yellow | AO17: 0.02 | AP17: Kg | AQ17: All | AR17: Broccoli | AS17: 0.02 | AT17: Kg | AU17: All | AV17: Capsicum Red | AW17: 0.02 | AX17: Kg | AY17: All | AZ17: Capsicum Yellow | BA17: 0.02 | BB17: Kg | BC17: All
A18: 17 | B18: Chicken Arrabbiata [fn] (Gnocchi) | C18: Italian 1 | D18: Gnocchi Patate | E18: 220 | F18: GM | G18: All | H18: Grill Chicken Italian | I18: 60 | J18: GM | K18: All | L18: Sugo Di Pomodoro | M18: 120 | N18: GM | O18: All | P18: Basil Leaves | Q18: 5 | R18: GM | S18: All | T18: Parsley | U18: 10 | V18: GM | W18: All | X18: Jivo Extra Olive Oil | Y18: 10 | Z18: ML | AA18: All | AB18: Table Salt | AC18: 3 | AD18: GM | AE18: All | AF18: Fresh Red Chilli | AG18: 10 | AH18: GM | AI18: All
A19: 18 | B19: Chicken Arrabbiata [fn] (Fettuccini) | C19: Italian 1 | D19: Pasta Fresca All Uovo | E19: 110 | F19: GM | G19: All | H19: Sugo Di Pomodoro | I19: 120 | J19: GM | K19: All | L19: Basil Leaves | M19: 5 | N19: GM | O19: All | P19: Grill Chicken Italian | Q19: 60 | R19: GM | S19: All | T19: Parsley | U19: 10 | V19: GM | W19: All | X19: Fresh Red Chilli | Y19: 10 | Z19: GM | AA19: All | AB19: Table Salt | AC19: 3 | AD19: GM | AE19: All | AF19: Jivo Extra Olive Oil | AG19: 10 | AH19: ML | AI19: All
A20: 19 | B20: Chicken Arrabbiata [fn] (Penne) | C20: Italian 1 | D20: Panne Pasta | E20: 100 | F20: GM | G20: All | H20: Sugo Di Pomodoro | I20: 120 | J20: GM | K20: All | L20: Grill Chicken Italian | M20: 60 | N20: GM | O20: All | P20: Basil Leaves | Q20: 5 | R20: GM | S20: All | T20: Parsley | U20: 10 | V20: GM | W20: All | X20: Jivo Extra Olive Oil | Y20: 10 | Z20: ML | AA20: All | AB20: Fresh Red Chilli | AC20: 10 | AD20: GM | AE20: All | AF20: Table Salt | AG20: 3 | AH20: GM | AI20: All
A21: 20 | B21: Chicken Arrabbiata [fn] (Spaghetti) | C21: Italian 1 | D21: Spaghetti Pasta | E21: 100 | F21: GM | G21: All | H21: Sugo Di Pomodoro | I21: 120 | J21: GM | K21: All | L21: Parsley | M21: 10 | N21: GM | O21: All | P21: Jivo Extra Olive Oil | Q21: 10 | R21: ML | S21: All | T21: Grill Chicken Italian | U21: 60 | V21: GM | W21: All | X21: Table Salt | Y21: 3 | Z21: GM | AA21: All | AB21: Fresh Red Chilli | AC21: 10 | AD21: GM | AE21: All | AF21: Basil Leaves | AG21: 5 | AH21: GM | AI21: All
A22: 21 | B22: Veg Arrabbiata [fn] (Gnocchi) | C22: Italian 1 | D22: Gnocchi Patate | E22: 0.22 | F22: Kg | G22: All | H22: Sugo Di Pomodoro | I22: 0.12 | J22: Kg | K22: All | L22: Basil Leaves | M22: 0.005 | N22: Kg | O22: All | P22: Parsley | Q22: 0.001 | R22: Kg | S22: All | T22: Table Salt | U22: 0.003 | V22: Kg | W22: All | X22: Jivo Extra Olive Oil | Y22: 10 | Z22: ML | AA22: All | AB22: Fresh Red Chilli | AC22: 0.001 | AD22: Kg | AE22: All | AF22: Garlic Peeled | AG22: 0.005 | AH22: Kg | AI22: All | AJ22: Carrot | AK22: 0.02 | AL22: Kg | AM22: All | AN22: Broccoli | AO22: 0.02 | AP22: Kg | AQ22: All | AR22: Zucchini Green | AS22: 0.02 | AT22: Kg | AU22: All | AV22: Zucchini Yellow | AW22: 0.02 | AX22: Kg | AY22: All | AZ22: Capsicum Red | BA22: 0.02 | BB22: Kg | BC22: All | BD22: Capsicum Yellow | BE22: 0.02 | BF22: Kg | BG22: All
A23: 22 | B23: Veg Arrabbiata [fn] (Fettuccini) | C23: Italian 1 | D23: Pasta Fresca All Uovo | E23: 0.11 | F23: Kg | G23: All | H23: Sugo Di Pomodoro | I23: 0.12 | J23: Kg | K23: All | L23: Parsley | M23: 0.01 | N23: Kg | O23: All | P23: Basil Leaves | Q23: 0.005 | R23: Kg | S23: All | T23: Table Salt | U23: 0.003 | V23: Kg | W23: All | X23: Jivo Extra Olive Oil | Y23: 10 | Z23: ML | AA23: All | AB23: Fresh Red Chilli | AC23: 0.001 | AD23: Kg | AE23: All | AF23: Garlic Peeled | AG23: 0.005 | AH23: Kg | AI23: All | AJ23: Carrot | AK23: 0.02 | AL23: Kg | AM23: All | AN23: Broccoli | AO23: 0.02 | AP23: Kg | AQ23: All | AR23: Zucchini Green | AS23: 0.02 | AT23: Kg | AU23: All | AV23: Zucchini Yellow | AW23: 0.02 | AX23: Kg | AY23: All | AZ23: Capsicum Red | BA23: 0.02 | BB23: Kg | BC23: All | BD23: Capsicum Yellow | BE23: 0.02 | BF23: Kg | BG23: All
A24: 23 | B24: Veg Arrabbiata [fn] (Penne) | C24: Italian 1 | D24: Panne Pasta | E24: 0.1 | F24: Kg | G24: All | H24: Sugo Di Pomodoro | I24: 0.12 | J24: Kg | K24: All | L24: Basil Leaves | M24: 0.005 | N24: Kg | O24: All | P24: Parsley | Q24: 0.001 | R24: Kg | S24: All | T24: Jivo Extra Olive Oil | U24: 10 | V24: ML | W24: All | X24: Table Salt | Y24: 0.003 | Z24: Kg | AA24: All | AB24: Fresh Red Chilli | AC24: 0.01 | AD24: Kg | AE24: All | AF24: Garlic Peeled | AG24: 0.005 | AH24: Kg | AI24: All | AJ24: Carrot | AK24: 0.02 | AL24: Kg | AM24: All | AN24: Broccoli | AO24: 0.02 | AP24: Kg | AQ24: All | AR24: Zucchini Green | AS24: 0.02 | AT24: Kg | AU24: All | AV24: Zucchini Yellow | AW24: 0.02 | AX24: Kg | AY24: All | AZ24: Capsicum Red | BA24: 0.02 | BB24: Kg | BC24: All | BD24: Capsicum Yellow | BE24: 0.02 | BF24: Kg | BG24: All
A25: 24 | B25: Veg Arrabbiata [fn] (Spaghetti) | C25: Italian 1 | D25: Spaghetti Pasta | E25: 0.1 | F25: Kg | G25: All | H25: Sugo Di Pomodoro | I25: 0.12 | J25: Kg | K25: All | L25: Parsley | M25: 0.01 | N25: Kg | O25: All | P25: Basil Leaves | Q25: 0.005 | R25: Kg | S25: All | T25: Table Salt | U25: 0.003 | V25: Kg | W25: All | X25: Jivo Extra Olive Oil | Y25: 0.01 | Z25: ML | AA25: All | AB25: Fresh Red Chilli | AC25: 0.001 | AD25: Kg | AE25: All | AF25: Garlic Peeled | AG25: 0.005 | AH25: Kg | AI25: All | AJ25: Carrot | AK25: 0.02 | AL25: Kg | AM25: All | AN25: Capsicum Yellow | AO25: 0.02 | AP25: Kg | AQ25: All | AR25: Capsicum Red | AS25: 0.02 | AT25: Kg | AU25: All | AV25: Broccoli | AW25: 0.02 | AX25: Kg | AY25: All | AZ25: Zucchini Yellow | BA25: 0.02 | BB25: Kg | BC25: All | BD25: Zucchini Green | BE25: 0.02 | BF25: Kg | BG25: All
A26: 25 | B26: Chicken Puttanesca [fn] (Gnocchi) | C26: Italian 1 | D26: Gnocchi Patate | E26: 220 | F26: GM | G26: All | H26: Sugo Di Pomodoro | I26: 120 | J26: GM | K26: All | L26: Basil Leaves | M26: 10 | N26: GM | O26: All | P26: Parsley | Q26: 10 | R26: GM | S26: All | T26: Jivo Extra Olive Oil | U26: 10 | V26: ML | W26: All | X26: Capers In Brine | Y26: 10 | Z26: ML | AA26: All | AB26: Anchovy Fillet | AC26: 5 | AD26: GM | AE26: All | AF26: Table Salt | AG26: 3 | AH26: GM | AI26: All | AJ26: Fresh Red Chilli | AK26: 5 | AL26: GM | AM26: All | AN26: Grill Chicken Italian | AO26: 60 | AP26: GM | AQ26: All | AR26: Black Olives Sliced | AS26: 5 | AT26: GM | AU26: All
A27: 26 | B27: Chicken Puttanesca [fn] (Fettuccini) | C27: Italian 1 | D27: Pasta Fresca All Uovo | E27: 110 | F27: GM | G27: All | H27: Grill Chicken Italian | I27: 60 | J27: GM | K27: All | L27: Parsley | M27: 10 | N27: GM | O27: All | P27: Basil Leaves | Q27: 10 | R27: GM | S27: All | T27: Fresh Red Chilli | U27: 5 | V27: GM | W27: All | X27: Black Olives Sliced | Y27: 5 | Z27: GM | AA27: All | AB27: Capers In Brine | AC27: 10 | AD27: ML | AE27: All | AF27: Jivo Extra Olive Oil | AG27: 10 | AH27: ML | AI27: All | AJ27: Table Salt | AK27: 3 | AL27: GM | AM27: All | AN27: Anchovy Fillet | AO27: 5 | AP27: GM | AQ27: All | AR27: Sugo Di Pomodoro | AS27: 120 | AT27: GM | AU27: All
A28: 27 | B28: Chicken Puttanesca [fn] (Penne) | C28: Italian 1 | D28: Panne Pasta | E28: 100 | F28: GM | G28: All | H28: Grill Chicken Italian | I28: 60 | J28: GM | K28: All | L28: Basil Leaves | M28: 10 | N28: GM | O28: All | P28: Parsley | Q28: 10 | R28: GM | S28: All | T28: Black Olives Sliced | U28: 5 | V28: GM | W28: All | X28: Capers In Brine | Y28: 10 | Z28: ML | AA28: All | AB28: Jivo Extra Olive Oil | AC28: 10 | AD28: ML | AE28: All | AF28: Fresh Red Chilli | AG28: 5 | AH28: GM | AI28: All | AJ28: Anchovy Fillet | AK28: 5 | AL28: GM | AM28: All | AN28: Sugo Di Pomodoro | AO28: 120 | AP28: GM | AQ28: All | AR28: Table Salt | AS28: 3 | AT28: GM | AU28: All
A29: 28 | B29: Chicken Puttanesca [fn] (Spaghetti) | C29: Italian 1 | D29: Grill Chicken Italian | E29: 60 | F29: GM | G29: All | H29: Spaghetti Pasta | I29: 100 | J29: GM | K29: All | L29: Basil Leaves | M29: 10 | N29: GM | O29: All | P29: Parsley | Q29: 10 | R29: GM | S29: All | T29: Sugo Di Pomodoro | U29: 120 | V29: GM | W29: All | X29: Black Olives Sliced | Y29: 5 | Z29: GM | AA29: All | AB29: Capers In Brine | AC29: 10 | AD29: ML | AE29: All | AF29: Jivo Extra Olive Oil | AG29: 10 | AH29: ML | AI29: All | AJ29: Table Salt | AK29: 3 | AL29: GM | AM29: All | AN29: Fresh Red Chilli | AO29: 5 | AP29: GM | AQ29: All | AR29: Anchovy Fillet | AS29: 5 | AT29: GM | AU29: All
A30: 29 | B30: Veg Puttanesca [fn] (Gnocchi) | C30: Italian 1 | D30: Gnocchi Patate | E30: 220 | F30: GM | G30: All | H30: Sugo Di Pomodoro | I30: 120 | J30: GM | K30: All | L30: Basil Leaves | M30: 10 | N30: GM | O30: All | P30: Black Olives Sliced | Q30: 5 | R30: GM | S30: All | T30: Capers In Brine | U30: 10 | V30: ML | W30: All | X30: Jivo Extra Olive Oil | Y30: 10 | Z30: ML | AA30: All | AB30: Carrot | AC30: 20 | AD30: GM | AE30: All | AF30: Zucchini Green | AG30: 20 | AH30: GM | AI30: All | AJ30: Zucchini Yellow | AK30: 20 | AL30: GM | AM30: All | AN30: Capsicum Red | AO30: 20 | AP30: GM | AQ30: All | AR30: Broccoli | AS30: 25 | AT30: GM | AU30: All | AV30: Table Salt | AW30: 3 | AX30: GM | AY30: All | AZ30: Capsicum Yellow | BA30: 20 | BB30: GM | BC30: All
A31: 30 | B31: Veg Puttanesca [fn] (Fettuccini) | C31: Italian 1 | D31: Pasta Fresca All Uovo | E31: 110 | F31: GM | G31: All | H31: Sugo Di Pomodoro | I31: 120 | J31: GM | K31: All | L31: Basil Leaves | M31: 10 | N31: GM | O31: All | P31: Parsley | Q31: 10 | R31: GM | S31: All | T31: Jivo Extra Olive Oil | U31: 10 | V31: ML | W31: All | X31: Carrot | Y31: 20 | Z31: GM | AA31: All | AB31: Zucchini Green | AC31: 20 | AD31: GM | AE31: All | AF31: Capsicum Yellow | AG31: 20 | AH31: GM | AI31: All | AJ31: Zucchini Yellow | AK31: 20 | AL31: GM | AM31: All | AN31: Capsicum Red | AO31: 20 | AP31: GM | AQ31: All | AR31: Table Salt | AS31: 3 | AT31: GM | AU31: All | AV31: Broccoli | AW31: 25 | AX31: GM | AY31: All | AZ31: Black Olives Sliced | BA31: 5 | BB31: GM | BC31: All | BD31: Capers In Brine | BE31: 10 | BF31: ML | BG31: All
A32: 31 | B32: Veg Puttanesca [fn] (Penne) | C32: Italian 1 | D32: Panne Pasta | E32: 100 | F32: GM | G32: All | H32: Sugo Di Pomodoro | I32: 120 | J32: GM | K32: All | L32: Basil Leaves | M32: 10 | N32: GM | O32: All | P32: Parsley | Q32: 10 | R32: GM | S32: All | T32: Jivo Extra Olive Oil | U32: 10 | V32: ML | W32: All | X32: Table Salt | Y32: 3 | Z32: GM | AA32: All | AB32: Carrot | AC32: 20 | AD32: GM | AE32: All | AF32: Zucchini Green | AG32: 20 | AH32: GM | AI32: All | AJ32: Zucchini Yellow | AK32: 20 | AL32: GM | AM32: All | AN32: Capsicum Red | AO32: 20 | AP32: GM | AQ32: All | AR32: Capsicum Yellow | AS32: 20 | AT32: GM | AU32: All | AV32: Broccoli | AW32: 25 | AX32: GM | AY32: All | AZ32: Black Olives Sliced | BA32: 5 | BB32: GM | BC32: All | BD32: Capers In Brine | BE32: 10 | BF32: ML | BG32: All
A33: 32 | B33: Veg Puttanesca [fn] (Spaghetti) | C33: Italian 1 | D33: Spaghetti Pasta | E33: 100 | F33: GM | G33: All | H33: Sugo Di Pomodoro | I33: 120 | J33: GM | K33: All | L33: Basil Leaves | M33: 10 | N33: GM | O33: All | P33: Parsley | Q33: 10 | R33: GM | S33: All | T33: Jivo Extra Olive Oil | U33: 10 | V33: ML | W33: All | X33: Table Salt | Y33: 3 | Z33: GM | AA33: All | AB33: Carrot | AC33: 20 | AD33: GM | AE33: All | AF33: Zucchini Green | AG33: 20 | AH33: GM | AI33: All | AJ33: Zucchini Yellow | AK33: 20 | AL33: GM | AM33: All | AN33: Capsicum Red | AO33: 20 | AP33: GM | AQ33: All | AR33: Capsicum Yellow | AS33: 20 | AT33: GM | AU33: All | AV33: Broccoli | AW33: 25 | AX33: GM | AY33: All | AZ33: Black Olives Sliced | BA33: 5 | BB33: GM | BC33: All | BD33: Capers In Brine | BE33: 10 | BF33: ML | BG33: All
A34: 33 | B34: Chicken Aglio, Olio E Peperoncino [fn] (Gnocchi) | C34: Italian 1 | D34: Gnocchi Patate | E34: 220 | F34: GM | G34: All | H34: Jivo Extra Olive Oil | I34: 20 | J34: ML | K34: All | L34: Parsley | M34: 20 | N34: GM | O34: All | P34: Table Salt | Q34: 3 | R34: GM | S34: All | T34: Garlic Peeled | U34: 15 | V34: GM | W34: All | X34: Baguette | Y34: 20 | Z34: GM | AA34: All | AB34: Fresh Red Chilli | AC34: 10 | AD34: GM | AE34: All | AF34: Grill Chicken Italian | AG34: 80 | AH34: GM | AI34: All
A35: 34 | B35: Chicken Aglio, Olio E Peperoncino [fn] (Fettuccini) | C35: Italian 1 | D35: Pasta Fresca All Uovo | E35: 110 | F35: GM | G35: All | H35: Jivo Extra Olive Oil | I35: 20 | J35: ML | K35: All | L35: Parsley | M35: 20 | N35: GM | O35: All | P35: Garlic Peeled | Q35: 15 | R35: GM | S35: All | T35: Baguette | U35: 20 | V35: GM | W35: All | X35: Table Salt | Y35: 3 | Z35: GM | AA35: All | AB35: Fresh Red Chilli | AC35: 10 | AD35: GM | AE35: All | AF35: Grill Chicken Italian | AG35: 80 | AH35: GM | AI35: All
A36: 35 | B36: Chicken Aglio, Olio E Peperoncino [fn] (Penne) | C36: Italian 1 | D36: Panne Pasta | E36: 100 | F36: GM | G36: All | H36: Jivo Extra Olive Oil | I36: 20 | J36: ML | K36: All | L36: Garlic Peeled | M36: 15 | N36: GM | O36: All | P36: Parsley | Q36: 20 | R36: GM | S36: All | T36: Table Salt | U36: 3 | V36: GM | W36: All | X36: Fresh Red Chilli | Y36: 10 | Z36: GM | AA36: All | AB36: Baguette | AC36: 20 | AD36: GM | AE36: All | AF36: Grill Chicken Italian | AG36: 80 | AH36: GM | AI36: All
A37: 36 | B37: Chicken Aglio, Olio E Peperoncino [fn] (Spaghetti) | C37: Italian 1 | D37: Spaghetti Pasta | E37: 100 | F37: GM | G37: All | H37: Jivo Extra Olive Oil | I37: 20 | J37: ML | K37: All | L37: Garlic Peeled | M37: 15 | N37: GM | O37: All | P37: Parsley | Q37: 20 | R37: GM | S37: All | T37: Table Salt | U37: 3 | V37: GM | W37: All | X37: Baguette | Y37: 20 | Z37: GM | AA37: All | AB37: Fresh Red Chilli | AC37: 10 | AD37: GM | AE37: All | AF37: Grill Chicken Italian | AG37: 80 | AH37: GM | AI37: All
A38: 37 | B38: Pollo Alla Bolognese [fn] (Spaghetti) | C38: Italian 1 | D38: Spaghetti Pasta | E38: 100 | F38: GM | G38: All | H38: Sugo Di Pomodoro | I38: 50 | J38: GM | K38: All | L38: Ragu Di Pollo | M38: 150 | N38: GM | O38: All | P38: Grana Padano | Q38: 30 | R38: GM | S38: All | T38: Table Salt | U38: 3 | V38: GM | W38: All | X38: Jivo Extra Olive Oil | Y38: 5 | Z38: ML | AA38: All
A39: 38 | B39: Pollo Alla Bolognese [fn] (Gnocchi) | C39: Italian 1 | D39: Gnocchi Patate | E39: 220 | F39: GM | G39: All | H39: Sugo Di Pomodoro | I39: 50 | J39: GM | K39: All | L39: Table Salt | M39: 3 | N39: GM | O39: All | P39: Grana Padano | Q39: 30 | R39: GM | S39: All | T39: Jivo Extra Olive Oil | U39: 5 | V39: ML | W39: All | X39: Ragu Di Pollo | Y39: 150 | Z39: GM | AA39: All
A40: 39 | B40: Pollo Alla Bolognese [fn] (Fettuccini) | C40: Italian 1 | D40: Pasta Fresca All Uovo | E40: 110 | F40: GM | G40: All | H40: Ragu Di Pollo | I40: 150 | J40: GM | K40: All | L40: Jivo Extra Olive Oil | M40: 5 | N40: ML | O40: All | P40: Table Salt | Q40: 3 | R40: GM | S40: All | T40: Grana Padano | U40: 30 | V40: GM | W40: All | X40: Sugo Di Pomodoro | Y40: 50 | Z40: GM | AA40: All
A41: 40 | B41: Pollo Alla Bolognese [fn] (Penne) | C41: Italian 1 | D41: Ragu Di Pollo | E41: 150 | F41: GM | G41: All | H41: Sugo Di Pomodoro | I41: 50 | J41: GM | K41: All | L41: Table Salt | M41: 3 | N41: GM | O41: All | P41: Jivo Extra Olive Oil | Q41: 5 | R41: ML | S41: All | T41: Grana Padano | U41: 30 | V41: GM | W41: All | X41: Panne Pasta | Y41: 100 | Z41: GM | AA41: All
A42: 41 | B42: Bacon Pizza Half | C42: Pizza 1 | D42: Impasto Pizza | E42: 140 | F42: GM | G42: All | H42: Pomodoro Base Per Pizza | I42: 45 | J42: GM | K42: All | L42: Milky Mist Shredded Mozzarella Cheese | M42: 50 | N42: GM | O42: All | P42: Pork Proponi | Q42: 10 | R42: GM | S42: All | T42: Crispy Bacon | U42: 20 | V42: GM | W42: All | X42: Jalapeno Sliced | Y42: 10 | Z42: GM | AA42: All | AB42: Honey Chilli | AC42: 5 | AD42: GM | AE42: All | AF42: Naldoni Semola Di Grano Duro | AG42: 10 | AH42: GM | AI42: All
A43: 42 | B43: Chicken Pepper Fry Pizza Half | C43: Pizza 1 | D43: Impasto Pizza | E43: 140 | F43: GM | G43: All | H43: Pomodoro Base Per Pizza | I43: 45 | J43: GM | K43: All | L43: Milky Mist Shredded Mozzarella Cheese | M43: 50 | N43: GM | O43: All | P43: Pepper Chicken | Q43: 60 | R43: GM | S43: All | T43: Pickle Onion | U43: 25 | V43: GM | W43: All | X43: Naldoni Semola Di Grano Duro | Y43: 10 | Z43: GM | AA43: All
A44: 43 | B44: Caramelized Chicken Pizza Half | C44: Pizza 1 | D44: Impasto Pizza | E44: 140 | F44: GM | G44: All | H44: Pomodoro Base Per Pizza | I44: 45 | J44: GM | K44: All | L44: Milky Mist Shredded Mozzarella Cheese | M44: 50 | N44: GM | O44: All | P44: Caramelized Onion | Q44: 25 | R44: GM | S44: All | T44: Bbq Chicken | U44: 40 | V44: GM | W44: All | X44: Stracciatella | Y44: 15 | Z44: GM | AA44: All | AB44: Naldoni Semola Di Grano Duro | AC44: 10 | AD44: GM | AE44: All
A45: 44 | B45: Peri Peri Chicken Pizza Half | C45: Pizza 1 | D45: Impasto Pizza | E45: 140 | F45: GM | G45: All | H45: Pomodoro Base Per Pizza | I45: 45 | J45: GM | K45: All | L45: Milky Mist Shredded Mozzarella Cheese | M45: 50 | N45: GM | O45: All | P45: Peri Peri Chicken | Q45: 50 | R45: GM | S45: All | T45: Onion | U45: 15 | V45: GM | W45: All | X45: Jalapeno Sliced | Y45: 10 | Z45: GM | AA45: All | AB45: Black Olives Sliced | AC45: 10 | AD45: GM | AE45: All | AF45: Microgreen Mustard | AG45: 5 | AH45: GM | AI45: All | AJ45: Naldoni Semola Di Grano Duro | AK45: 10 | AL45: GM | AM45: All
A46: 45 | B46: Meatball Pizza Half | C46: Pizza 1 | D46: Impasto Pizza | E46: 140 | F46: GM | G46: All | H46: Pomodoro Base Per Pizza | I46: 45 | J46: GM | K46: All | L46: Milky Mist Shredded Mozzarella Cheese | M46: 50 | N46: GM | O46: All | P46: Teriyaki Meat Ball | Q46: 75 | R46: GM | S46: All | T46: Rocket Lettuce | U46: 25 | V46: GM | W46: All | X46: Danish White Cheese | Y46: 10 | Z46: GM | AA46: All | AB46: Teriyaki Sauce 250 Ml | AC46: 10 | AD46: ML | AE46: All | AF46: Ground Nuts Peanut | AG46: 15 | AH46: GM | AI46: All | AJ46: Naldoni Semola Di Grano Duro | AK46: 10 | AL46: GM | AM46: All
A47: 46 | B47: Pesto Grilled Chicken Pizza Half | C47: Pizza 1 | D47: Impasto Pizza | E47: 140 | F47: GM | G47: All | H47: Milky Mist Shredded Mozzarella Cheese | I47: 50 | J47: GM | K47: All | L47: Basil Pesto | M47: 40 | N47: GM | O47: All | P47: Roasted Chicken Pizza | Q47: 50 | R47: GM | S47: All | T47: Sundried Tomato Pizza | U47: 20 | V47: GM | W47: All | X47: Olive Green Pitted | Y47: 10 | Z47: GM | AA47: All | AB47: Microgreen Mustard | AC47: 2 | AD47: GM | AE47: All | AF47: Stracciatella | AG47: 30 | AH47: GM | AI47: All | AJ47: Naldoni Semola Di Grano Duro | AK47: 10 | AL47: GM | AM47: All
A48: 47 | B48: The Chicken Pizza Half | C48: Pizza 1 | D48: Impasto Pizza | E48: 140 | F48: GM | G48: All | H48: Pomodoro Base Per Pizza | I48: 45 | J48: GM | K48: All | L48: Milky Mist Shredded Mozzarella Cheese | M48: 50 | N48: GM | O48: All | P48: Roasted Chicken Pizza | Q48: 50 | R48: GM | S48: All | T48: Black Olives Sliced | U48: 10 | V48: GM | W48: All | X48: Red Paprika | Y48: 8 | Z48: GM | AA48: All | AB48: Sundried Tomato Pizza | AC48: 20 | AD48: GM | AE48: All | AF48: Sriracha Aioli Sauces | AG48: 25 | AH48: GM | AI48: All | AJ48: Grana Padano | AK48: 10 | AL48: GM | AM48: All | AN48: Naldoni Semola Di Grano Duro | AO48: 10 | AP48: GM | AQ48: All
A49: 48 | B49: Ai Gamberi Pizza Half | C49: Pizza 1 | D49: Impasto Pizza | E49: 140 | F49: GM | G49: All | H49: Pomodoro Base Per Pizza | I49: 45 | J49: GM | K49: All | L49: Milky Mist Shredded Mozzarella Cheese | M49: 50 | N49: GM | O49: All | P49: Garlic Butter Prawns | Q49: 60 | R49: GM | S49: All | T49: Red Paprika | U49: 3 | V49: GM | W49: All | X49: Sundried Tomato Pizza | Y49: 20 | Z49: GM | AA49: All | AB49: Olive Green Pitted | AC49: 8 | AD49: GM | AE49: All | AF49: Naldoni Semola Di Grano Duro | AG49: 10 | AH49: GM | AI49: All
A50: 49 | B50: Chicken Ragu Pizza Half | C50: Pizza 1 | D50: Impasto Pizza | E50: 140 | F50: GM | G50: All | H50: Ragu Di Chicken | I50: 50 | J50: GM | K50: All | L50: Milky Mist Shredded Mozzarella Cheese | M50: 50 | N50: GM | O50: All | P50: Smoked Scamorza | Q50: 15 | R50: GM | S50: All | T50: Naldoni Semola Di Grano Duro | U50: 10 | V50: GM | W50: All
A51: 50 | B51: Mushroom Pizza Half | C51: Pizza 1 | D51: Impasto Pizza | E51: 140 | F51: GM | G51: All | H51: Pomodoro Base Per Pizza | I51: 45 | J51: GM | K51: All | L51: Milky Mist Shredded Mozzarella Cheese | M51: 50 | N51: GM | O51: All | P51: Roasted Mushroom | Q51: 25 | R51: GM | S51: All | T51: Red Paprika | U51: 5 | V51: GM | W51: All | X51: Microgreen Mustard | Y51: 3 | Z51: GM | AA51: All | AB51: Truffle Oil | AC51: 1 | AD51: ML | AE51: All | AF51: Roasted Oyster Mushroom | AG51: 25 | AH51: GM | AI51: All | AJ51: Naldoni Semola Di Grano Duro | AK51: 10 | AL51: GM | AM51: All
A52: 51 | B52: Pizza With Peppers Half | C52: Pizza 1 | D52: Impasto Pizza | E52: 140 | F52: GM | G52: All | H52: Pomodoro Base Per Pizza | I52: 45 | J52: GM | K52: All | L52: Milky Mist Shredded Mozzarella Cheese | M52: 50 | N52: GM | O52: All | P52: Bajji Chilli | Q52: 75 | R52: GM | S52: All | T52: Red Paprika | U52: 8 | V52: GM | W52: All | X52: Black Olives Sliced | Y52: 8 | Z52: GM | AA52: All | AB52: Sundried Tomato Pizza | AC52: 20 | AD52: GM | AE52: All | AF52: Danish White Cheese | AG52: 10 | AH52: GM | AI52: All | AJ52: Naldoni Semola Di Grano Duro | AK52: 10 | AL52: GM | AM52: All
A53: 52 | B53: Vegetables Pizza Half | C53: Pizza 1 | D53: Impasto Pizza | E53: 140 | F53: GM | G53: All | H53: Pomodoro Base Per Pizza | I53: 45 | J53: GM | K53: All | L53: Milky Mist Shredded Mozzarella Cheese | M53: 50 | N53: GM | O53: All | P53: Broccoli | Q53: 75 | R53: GM | S53: All | T53: Olive Green Pitted | U53: 15 | V53: GM | W53: All | X53: Zucchini Green | Y53: 13 | Z53: GM | AA53: All | AB53: Zucchini Yellow | AC53: 13 | AD53: GM | AE53: All | AF53: Sundried Tomato Pizza | AG53: 20 | AH53: GM | AI53: All | AJ53: Artichokes Hearts In Brine | AK53: 25 | AL53: GM | AM53: All | AN53: Basil Mayo | AO53: 15 | AP53: GM | AQ53: All | AR53: Naldoni Semola Di Grano Duro | AS53: 10 | AT53: GM | AU53: All
A54: 53 | B54: Spicy Vegetarian Pizza Half | C54: Pizza 1 | D54: Impasto Pizza | E54: 140 | F54: GM | G54: All | H54: Pomodoro Base Per Pizza | I54: 45 | J54: GM | K54: All | L54: Milky Mist Shredded Mozzarella Cheese | M54: 50 | N54: GM | O54: All | P54: Capsicum Red | Q54: 15 | R54: GM | S54: All | T54: Capsicum Yellow | U54: 15 | V54: GM | W54: All | X54: Roasted Mushroom | Y54: 25 | Z54: GM | AA54: All | AB54: Olive Green Pitted | AC54: 15 | AD54: GM | AE54: All | AF54: Fresh Red Chilli | AG54: 8 | AH54: GM | AI54: All | AJ54: Microgreen Mustard | AK54: 5 | AL54: GM | AM54: All | AN54: Zucchini Green | AO54: 15 | AP54: GM | AQ54: All | AR54: Zucchini Yellow | AS54: 15 | AT54: GM | AU54: All | AV54: Naldoni Semola Di Grano Duro | AW54: 10 | AX54: GM | AY54: All
A55: 54 | B55: Beetroot Pizza Half | C55: Pizza 1 | D55: Impasto Pizza | E55: 140 | F55: GM | G55: All | H55: Beetroot Cream | I55: 45 | J55: GM | K55: All | L55: Milky Mist Shredded Mozzarella Cheese | M55: 50 | N55: GM | O55: All | P55: Roasted Cherry Tomato | Q55: 20 | R55: GM | S55: All | T55: Rocket Lettuce | U55: 20 | V55: GM | W55: All | X55: Danish White Cheese | Y55: 10 | Z55: GM | AA55: All | AB55: Microgreen Mustard | AC55: 2 | AD55: GM | AE55: All | AF55: Naldoni Semola Di Grano Duro | AG55: 10 | AH55: GM | AI55: All | AJ55: Roasted Beetroot | AK55: 10 | AL55: GM | AM55: All
A56: 55 | B56: Pizza With Confit Potato Half | C56: Pizza 1 | D56: Impasto Pizza | E56: 140 | F56: GM | G56: All | H56: Pomodoro Base Per Pizza | I56: 45 | J56: GM | K56: All | L56: Milky Mist Shredded Mozzarella Cheese | M56: 50 | N56: GM | O56: All | P56: Potato Croquettes | Q56: 60 | R56: GM | S56: All | T56: Rocket Lettuce | U56: 15 | V56: GM | W56: All | X56: Sumac Powder | Y56: 3 | Z56: GM | AA56: All | AB56: Roasted Cherry Tomato | AC56: 15 | AD56: GM | AE56: All | AF56: Ground Nuts Peanut | AG56: 5 | AH56: GM | AI56: All | AJ56: Naldoni Semola Di Grano Duro | AK56: 10 | AL56: GM | AM56: All
A57: 56 | B57: Margherita Pizza Half | C57: Pizza 1 | D57: Impasto Pizza | E57: 140 | F57: GM | G57: All | H57: Pomodoro Base Per Pizza | I57: 45 | J57: GM | K57: All | L57: Bocconcini Mozzarella | M57: 50 | N57: GM | O57: All | P57: Basil Leaves | Q57: 2 | R57: GM | S57: All | T57: Grana Padano | U57: 5 | V57: GM | W57: All | X57: Jivo Extra Olive Oil | Y57: 5 | Z57: ML | AA57: All | AB57: Naldoni Semola Di Grano Duro | AC57: 10 | AD57: GM | AE57: All
A58: 57 | B58: Jagermeister Limited [ Bar-n] | C58: Bar 1 | D58: Jagermeister Limited Design Edition Green Colour Bottle | E58: 30 | F58: ML | G58: All
A59: 58 | B59: Jagermeister Limited | C59: Bar 1 | D59: Jagermeister Limited Design Edition Green Colour Bottle | E59: 30 | F59: ML | G59: All
A60: 59 | B60: Pesto Grill Chicken Pizza(party) | C60: Pizza 1 | D60: Impasto Pizza | E60: 270 | F60: GM | G60: All | H60: Milky Mist Shredded Mozzarella Cheese | I60: 100 | J60: GM | K60: All | L60: Basil Pesto | M60: 80 | N60: GM | O60: All | P60: Roasted Chicken Pizza | Q60: 100 | R60: GM | S60: All | T60: Sundried Tomato Pizza | U60: 40 | V60: GM | W60: All | X60: Olive Green Pitted | Y60: 20 | Z60: GM | AA60: All | AB60: Microgreen Mustard | AC60: 4 | AD60: GM | AE60: All | AF60: Stracciatella | AG60: 60 | AH60: GM | AI60: All | AJ60: Naldoni Semola Di Grano Duro | AK60: 20 | AL60: GM | AM60: All
A61: 60 | B61: Silk & Spice Red Blend Btl | C61: Bar 1 | D61: Silk & Spice Red Blend | E61: 1 | F61: Btls | G61: All
A62: 61 | B62: Casillero Del Diablo Btl | C62: Bar 1 | D62: Casillero Del Diablo Cabernet Sauvignon | E62: 1 | F62: Btls | G62: All
A63: 62 | B63: Les Legendes R White Btl | C63: Bar 1 | D63: Les Legendes R Bordeaux White | E63: 1 | F63: Btls | G63: All
A64: 63 | B64: 19 Crimes Chardonnay Btl | C64: Bar 1 | D64: 19 Crimes Chardonnay | E64: 1 | F64: Btls | G64: All
A65: 64 | B65: Carpene Malvolti Brut Btl | C65: Bar 1 | D65: Carpene Malvolti Prosecco Brut | E65: 1 | F65: Btls | G65: All
A66: 65 | B66: Mateus Rose Glass | C66: Bar 1 | D66: Mateus Rose | E66: 150 | F66: ML | G66: All
A67: 66 | B67: Torino Friday Offer | C67: Bar 1 | D67: Blue Riband | E67: 45 | F67: ML | G67: All | H67: Apple Juice | I67: 30 | J67: ML | K67: All | L67: Grenadine Syrup | M67: 15 | N67: ML | O67: All | P67: Sugar Syrup | Q67: 15 | R67: ML | S67: All | T67: Lemon Juice | U67: 15 | V67: ML | W67: All | X67: Ice Cube Regular | Y67: 100 | Z67: GM | AA67: All
A68: 67 | B68: Daiquiri Friday Offer | C68: Bar 1 | D68: Bacardi Carta Blanca Superior White Rum | E68: 45 | F68: ML | G68: All | H68: Lemon Juice | I68: 30 | J68: ML | K68: All | L68: Sugar Syrup | M68: 30 | N68: ML | O68: All | P68: Lemon Green | Q68: 20 | R68: GM | S68: All | T68: Ice Cube Regular | U68: 100 | V68: GM | W68: All
A69: 68 | B69: Bloody Mary Friday Offer | C69: Bar 1 | D69: Tabasco Red Pepper Sauce | E69: 10 | F69: ML | G69: All | H69: L&p Worcestershire Sauce | I69: 10 | J69: ML | K69: All | L69: Skyy Vodka | M69: 45 | N69: ML | O69: All | P69: Tomato Juice | Q69: 120 | R69: ML | S69: All | T69: Lemon Juice | U69: 15 | V69: ML | W69: All | X69: Table Salt | Y69: 2 | Z69: GM | AA69: All | AB69: Black Pepper Powder | AC69: 2 | AD69: GM | AE69: All | AF69: Ice Cube Regular | AG69: 150 | AH69: GM | AI69: All
A70: 69 | B70: Sex On The Beach Friday Offer | C70: Bar 1 | D70: Skyy Vodka | E70: 45 | F70: ML | G70: All | H70: Orange Juice | I70: 60 | J70: ML | K70: All | L70: Lemon Juice | M70: 15 | N70: ML | O70: All | P70: Peach Syrup 1 Ltr | Q70: 15 | R70: ML | S70: All | T70: Cranberry Juice | U70: 30 | V70: ML | W70: All | X70: Ice Cube Regular | Y70: 150 | Z70: GM | AA70: All
A71: 70 | B71: Cosmopolitan Friday Offer | C71: Bar 1 | D71: Cranberry Juice | E71: 30 | F71: ML | G71: All | H71: Skyy Vodka | I71: 45 | J71: ML | K71: All | L71: Sugar Syrup | M71: 15 | N71: ML | O71: All | P71: Lemon Juice | Q71: 15 | R71: ML | S71: All | T71: Ice Cube Regular | U71: 150 | V71: GM | W71: All
A72: 71 | B72: Island Mai Tai Friday Offer | C72: Bar 1 | D72: Bacardi Carta Blanca Superior White Rum | E72: 30 | F72: ML | G72: All | H72: Old Monk Very Old Vatted Special Xxx Rum | I72: 30 | J72: ML | K72: All | L72: Pineapple Juice | M72: 30 | N72: ML | O72: All | P72: Orange Juice | Q72: 60 | R72: ML | S72: All | T72: Grenadine Syrup | U72: 15 | V72: ML | W72: All | X72: Ice Cube Regular | Y72: 100 | Z72: GM | AA72: All
A73: 72 | B73: Mojito Friday Offer | C73: Bar 1 | D73: Bacardi Carta Blanca Superior White Rum | E73: 45 | F73: ML | G73: All | H73: Sugar Syrup | I73: 30 | J73: ML | K73: All | L73: Lemon Juice | M73: 30 | N73: ML | O73: All | P73: Lemon Green | Q73: 20 | R73: GM | S73: All | T73: Mint Leves | U73: 5 | V73: GM | W73: All | X73: Soda 750 Ml | Y73: 45 | Z73: ML | AA73: All | AB73: Mojito Mint Syrup 700 Ml | AC73: 15 | AD73: ML | AE73: All | AF73: Ice Cube Regular | AG73: 100 | AH73: GM | AI73: All
A74: 73 | B74: Long Island Iced Tea Friday Offer | C74: Bar 1 | D74: Bacardi Carta Blanca Superior White Rum | E74: 15 | F74: ML | G74: All | H74: Skyy Vodka | I74: 15 | J74: ML | K74: All | L74: Blue Riband | M74: 15 | N74: ML | O74: All | P74: Lemon Juice | Q74: 20 | R74: ML | S74: All | T74: Sugar Syrup | U74: 20 | V74: ML | W74: All | X74: Coca Cola | Y74: 30 | Z74: ML | AA74: All | AB74: Tequila Blanco Don Angel | AC74: 15 | AD74: ML | AE74: All | AF74: Ice Cube Regular | AG74: 150 | AH74: GM | AI74: All
A75: 74 | B75: Screw Driver(friday-offer) | C75: Bar 1 | D75: Skyy Vodka | E75: 45 | F75: ML | G75: All | H75: Orange Juice | I75: 60 | J75: ML | K75: All | L75: Grenadine Syrup | M75: 15 | N75: ML | O75: All | P75: Ice Cube Regular | Q75: 80 | R75: GM | S75: All
A76: 75 | B76: Repeat Beer (friday Offer) | C76: Bar 1 | D76: Geist Repeat Craft Draught Beer | E76: 330 | F76: ML | G76: All
A77: 76 | B77: Pane All'aglio Con Pollo Grigliato [fn] (Grill Chicken) | C77: Pizza 1 | D77: Impasto Pizza | E77: 140 | F77: GM | G77: All | H77: Caramelized Onion | I77: 100 | J77: GM | K77: All | L77: Milky Mist Shredded Mozzarella Cheese | M77: 80 | N77: GM | O77: All | P77: Grana Padano | Q77: 20 | R77: GM | S77: All | T77: Garlic Butter | U77: 25 | V77: GM | W77: All | X77: Roasted Chicken Pizza | Y77: 50 | Z77: GM | AA77: All | AB77: Spiced Garlic Dip | AC77: 50 | AD77: GM | AE77: All
A78: 77 | B78: Pane All'aglio Con Pollo Grigliato [fn] (Teriyaki Chicken) | C78: Pizza 1 | D78: Impasto Pizza | E78: 140 | F78: GM | G78: All | H78: Caramelized Onion | I78: 100 | J78: GM | K78: All | L78: Milky Mist Shredded Mozzarella Cheese | M78: 80 | N78: GM | O78: All | P78: Grana Padano | Q78: 20 | R78: GM | S78: All | T78: Garlic Butter | U78: 25 | V78: GM | W78: All | X78: Roasted Chicken Pizza | Y78: 50 | Z78: GM | AA78: All | AB78: Teriyaki Sauce 250 Ml | AC78: 10 | AD78: ML | AE78: All | AF78: Spiced Garlic Dip | AG78: 50 | AH78: GM | AI78: All
A79: 78 | B79: Pane All'aglio Con Pollo Grigliato [fn] (Peri Peri Chicken) | C79: Pizza 1 | D79: Impasto Pizza | E79: 140 | F79: GM | G79: All | H79: Caramelized Onion | I79: 100 | J79: GM | K79: All | L79: Milky Mist Shredded Mozzarella Cheese | M79: 80 | N79: GM | O79: All | P79: Grana Padano | Q79: 20 | R79: GM | S79: All | T79: Garlic Butter | U79: 25 | V79: GM | W79: All | X79: Peri Peri Chicken | Y79: 60 | Z79: GM | AA79: All | AB79: Spiced Garlic Dip | AC79: 50 | AD79: GM | AE79: All
A80: 79 | B80: Pane All'aglio Con Pollo Grigliato [fn] (Bbq Chicken) | C80: Pizza 1 | D80: Impasto Pizza | E80: 140 | F80: GM | G80: All | H80: Caramelized Onion | I80: 100 | J80: GM | K80: All | L80: Milky Mist Shredded Mozzarella Cheese | M80: 80 | N80: GM | O80: All | P80: Grana Padano | Q80: 20 | R80: GM | S80: All | T80: Garlic Butter | U80: 25 | V80: GM | W80: All | X80: Bbq Chicken | Y80: 60 | Z80: GM | AA80: All | AB80: Spiced Garlic Dip | AC80: 50 | AD80: GM | AE80: All
A81: 80 | B81: Pane All'aglio Con Salumi [fn] (Pepperoni) | C81: Pizza 1 | D81: Impasto Pizza | E81: 140 | F81: GM | G81: All | H81: Caramelized Onion | I81: 100 | J81: GM | K81: All | L81: Milky Mist Shredded Mozzarella Cheese | M81: 80 | N81: GM | O81: All | P81: Grana Padano | Q81: 20 | R81: GM | S81: All | T81: Garlic Butter | U81: 25 | V81: GM | W81: All | X81: Pork Proponi | Y81: 20 | Z81: GM | AA81: All | AB81: Spiced Garlic Dip | AC81: 50 | AD81: GM | AE81: All
A82: 81 | B82: Pane All'aglio Con Salumi [fn] (bacon) | C82: Pizza 1 | D82: Impasto Pizza | E82: 140 | F82: GM | G82: All | H82: Caramelized Onion | I82: 100 | J82: GM | K82: All | L82: Milky Mist Shredded Mozzarella Cheese | M82: 80 | N82: GM | O82: All | P82: Grana Padano | Q82: 20 | R82: GM | S82: All | T82: Garlic Butter | U82: 25 | V82: GM | W82: All | X82: Crispy Bacon | Y82: 25 | Z82: GM | AA82: All | AB82: Spiced Garlic Dip | AC82: 50 | AD82: GM | AE82: All
A83: 82 | B83: Pane All'aglio Con Salumi [fn] (ham) | C83: Pizza 1 | D83: Impasto Pizza | E83: 140 | F83: GM | G83: All | H83: Caramelized Onion | I83: 100 | J83: GM | K83: All | L83: Milky Mist Shredded Mozzarella Cheese | M83: 80 | N83: GM | O83: All | P83: Grana Padano | Q83: 20 | R83: GM | S83: All | T83: Garlic Butter | U83: 25 | V83: GM | W83: All | X83: Cooked Ham | Y83: 40 | Z83: GM | AA83: All | AB83: Spiced Garlic Dip | AC83: 50 | AD83: GM | AE83: All
A84: 83 | B84: Barman Special Mocktail | C84: Bar 1 | D84: Crush Strawberry | E84: 60 | F84: ML | G84: All | H84: Mango Syrup | I84: 60 | J84: ML | K84: All | L84: Amul Fresh Cream | M84: 45 | N84: ML | O84: All | P84: Ice Cube Regular | Q84: 150 | R84: GM | S84: All
A85: 84 | B85: Repeat Beer Wednesday Offer | C85: Bar 1 | D85: Geist Repeat Craft Draught Beer | E85: 330 | F85: ML | G85: All
A86: 85 | B86: Rusticana Pizza Wednesday Offer | C86: Pizza 1 | D86: Impasto Pizza | E86: 270 | F86: GM | G86: All | H86: Ragu Di Pollo | I86: 100 | J86: GM | K86: All | L86: Milky Mist Shredded Mozzarella Cheese | M86: 100 | N86: GM | O86: All | P86: Smoked Scamorza | Q86: 30 | R86: GM | S86: All
A87: 86 | B87: Meatballs Pizza Wednesday Offer | C87: Pizza 1 | D87: Impasto Pizza | E87: 270 | F87: GM | G87: All | H87: Pomodoro Base Per Pizza | I87: 90 | J87: GM | K87: All | L87: Milky Mist Shredded Mozzarella Cheese | M87: 100 | N87: GM | O87: All | P87: Rocket Lettuce | Q87: 50 | R87: GM | S87: All | T87: Danish White Cheese | U87: 20 | V87: GM | W87: All | X87: Peanuts | Y87: 25 | Z87: GM | AA87: All | AB87: Teriyaki Meat Ball | AC87: 150 | AD87: GM | AE87: All | AF87: Teriyaki Sauce 250 Ml | AG87: 20 | AH87: ML | AI87: All
A88: 87 | B88: Peri Peri Chicken Pizza Wednesday Offer | C88: Pizza 1 | D88: Impasto Pizza | E88: 270 | F88: GM | G88: All | H88: Pomodoro Base Per Pizza | I88: 90 | J88: GM | K88: All | L88: Onion | M88: 30 | N88: GM | O88: All | P88: Jalapeno Sliced | Q88: 20 | R88: GM | S88: All | T88: Black Olives Sliced | U88: 20 | V88: GM | W88: All | X88: Peri Peri Chicken | Y88: 100 | Z88: GM | AA88: All | AB88: Milky Mist Shredded Mozzarella Cheese | AC88: 100 | AD88: GM | AE88: All | AF88: Microgreen Mustard | AG88: 10 | AH88: GM | AI88: All
A89: 88 | B89: Pizza Al Pepperoncino Wednesday Offer | C89: Pizza 1 | D89: Impasto Pizza | E89: 270 | F89: GM | G89: All | H89: Pomodoro Base Per Pizza | I89: 90 | J89: GM | K89: All | L89: Milky Mist Shredded Mozzarella Cheese | M89: 100 | N89: GM | O89: All | P89: Bajji Chilli | Q89: 150 | R89: GM | S89: All | T89: Red Paprika | U89: 15 | V89: GM | W89: All | X89: Black Olives Sliced | Y89: 15 | Z89: GM | AA89: All | AB89: Sundried Tomatoes | AC89: 20 | AD89: GM | AE89: All | AF89: Cheese Danish Blue | AG89: 20 | AH89: GM | AI89: All
A90: 89 | B90: Pizza Alle Verdure Wednesday Offer | C90: Pizza 1 | D90: Impasto Pizza | E90: 270 | F90: GM | G90: All | H90: Pomodoro Base Per Pizza | I90: 90 | J90: GM | K90: All | L90: Milky Mist Shredded Mozzarella Cheese | M90: 100 | N90: GM | O90: All | P90: Broccoli | Q90: 150 | R90: GM | S90: All | T90: Olive Green Pitted | U90: 30 | V90: GM | W90: All | X90: Zucchini Green | Y90: 50 | Z90: GM | AA90: All | AB90: Sundried Tomatoes | AC90: 20 | AD90: GM | AE90: All | AF90: Artichokes Hearts In Brine | AG90: 50 | AH90: GM | AI90: All | AJ90: Basil Mayo | AK90: 30 | AL90: GM | AM90: All
A91: 90 | B91: Margherita Wednesday Offer | C91: Pizza 1 | D91: Impasto Pizza | E91: 270 | F91: GM | G91: All | H91: Pomodoro Base Per Pizza | I91: 90 | J91: GM | K91: All | L91: Bocconcini Mozzarella | M91: 100 | N91: GM | O91: All | P91: Basil Leaves | Q91: 10 | R91: GM | S91: All | T91: Jivo Extra Olive Oil | U91: 10 | V91: ML | W91: All
A92: 91 | B92: Baron Philippe De Rothschild Mas Andes Sauvignon Blanc By Glass | C92: Bar 1 | D92: Baron Philippe De Rothschild Mas Andes Sauvignon Blanc | E92: 150 | F92: ML | G92: All
A93: 92 | B93: Apple Blue Cheese Pizza | C93: Pizza 1 | D93: Jalapeno Sliced | E93: 20 | F93: GM | G93: All | H93: Blue Cheese Sauce | I93: 50 | J93: GM | K93: All | L93: Apple Washington | M93: 150 | N93: GM | O93: All | P93: Honey Chilli | Q93: 20 | R93: GM | S93: All | T93: Milky Mist Shredded Mozzarella Cheese | U93: 100 | V93: GM | W93: All | X93: Impasto Pizza | Y93: 270 | Z93: GM | AA93: All | AB93: Pomodoro Base Per Pizza | AC93: 90 | AD93: GM | AE93: All | AF93: Roasted Cherry Tomato | AG93: 40 | AH93: GM | AI93: All
A94: 93 | B94: Cicerone(v) | C94: Bar 1 | D94: Sula Chenin Blanc White Wine | E94: 15 | F94: ML | G94: All | H94: Sepoy Mixed Berry Lemonade | I94: 60 | J94: ML | K94: All | L94: Apple Washington | M94: 30 | N94: GM | O94: All | P94: Crush Strawberry | Q94: 30 | R94: ML | S94: All
A95: 94 | B95: Sanremo(v) | C95: Bar 1 | D95: Sula Chenin Blanc White Wine | E95: 15 | F95: ML | G95: All | H95: Sepoy Pink Rose Lemonade | I95: 30 | J95: ML | K95: All | L95: Apple Washington | M95: 30 | N95: GM | O95: All | P95: Apple Juice | Q95: 30 | R95: ML | S95: All
A96: 95 | B96: Red Fruit Spritz(v) | C96: Bar 1 | D96: Blue Riband | E96: 15 | F96: ML | G96: All | H96: Noi Sparkling | I96: 90 | J96: ML | K96: All | L96: Cranberry Juice | M96: 15 | N96: ML | O96: All | P96: Maraschino Red Cherries With Stem | Q96: 10 | R96: GM | S96: All | T96: Ice Cube Regular | U96: 100 | V96: GM | W96: All
A97: 96 | B97: Cupola Di Cioccolato(v) | C97: Bakery 1 | D97: Rich Whipping Cream | E97: 30 | F97: ML | G97: All | H97: Cupola Di Cioccolato Base | I97: 105 | J97: GM | K97: All | L97: Coulis Di Fragola | M97: 50 | N97: GM | O97: All | P97: Lingue Di Gatto | Q97: 30 | R97: GM | S97: All
A98: 97 | B98: Cannoli Siciliani(v) | C98: Bakery 1 | D98: Impasto Cannoli Siciliani | E98: 50 | F98: GM | G98: All | H98: Farcitura Cannoli Siciliani | I98: 70 | J98: GM | K98: All
A99: 98 | B99: Margherita(v) | C99: Pizza 1 | D99: Impasto Pizza | E99: 280 | F99: GM | G99: All | H99: Pomodoro Base Per Pizza | I99: 90 | J99: GM | K99: All | L99: Jivo Extra Olive Oil | M99: 10 | N99: ML | O99: All | P99: Basil Leaves | Q99: 3 | R99: GM | S99: All | T99: Grana Padano | U99: 10 | V99: GM | W99: All | X99: Bocconcini Mozzarella | Y99: 100 | Z99: GM | AA99: All
A100: 99 | B100: Pizza Alla Barbabietola (v) | C100: Pizza 1 | D100: Impasto Pizza | E100: 280 | F100: GM | G100: All | H100: Roasted Cherry Tomato | I100: 50 | J100: GM | K100: All | L100: Milky Mist Shredded Mozzarella Cheese | M100: 100 | N100: GM | O100: All | P100: Beetroot Cream | Q100: 90 | R100: GM | S100: All | T100: Sumac Powder | U100: 20 | V100: GM | W100: All | X100: Rocket Lettuce | Y100: 60 | Z100: GM | AA100: All
...

Sheet Sheet12
A3: Sum of final_qty | B3: Column Labels
B4: Bar 1
A5: Row Labels | B5: btl | C5: GM | D5: ML | E5: NOS | F5: pcs | G5: pkt
A6: 9 Lives Cabernet Sauvignon | D6: 1650
A7: Absolut Vodka | D7: 510
A8: Amaretto Syrup | D8: 445
A9: Amla (goose Berry) | C9: 60
A10: Amul Fresh Cream | D10: 1435
A11: Angostura | D11: 107
A12: Apartado Gran Malbec | B12: 1
A13: Aperol | D13: 3120
A14: Apple Juice | D14: 630
A15: Apple Washington | C15: 528
A16: Bacardi Carta Blanca Superior White Rum | D16: 510
A17: Baileys The Original Irish Cream Liqueur | D17: 60
A18: Ballantine's Finest Blended Scotch Whisky | D18: 180
A19: Basil Leaves | C19: 96
A20: Black & White Blended Scotch Whisky | D20: 120
A21: Black Tower Pinot Noir Rose | D21: 150
A22: Black Tower Riesling | D22: 3000
A23: Blue Riband | D23: 3120
A24: Bombay Sapphire London Dry Gin | D24: 180
A25: Breezer Exotic Jamaican Passion Flavour | D25: 825
A26: Breezer Tangy Cranberry Flovour | D26: 550
A27: Breezer Zesty Orange Flavour | D27: 550
A28: Brown Sugar Sachet | C28: 250
A29: Budweiser Premium King Of Beers | D29: 7260
A30: Burnett S London Dry Gin | D30: 30
A31: Camille De Labrie Bordeaux | B31: 1
A32: Campari Bitter | D32: 935
A33: Chamomile Tea Sachet | G33: 1
A34: Chives Regal Aged 12 Years Blended Scotch | D34: 60
A35: Cinzano Vermouth Rosso | D35: 810
A36: Coca Cola | D36: 13250
A37: Coconut Syrup 1 Ltr | D37: 1260
A38: Coconut Syrup 700ml | D38: 150
A39: Coffee Beans | C39: 3708
A40: Coffee Syrup 700 Ml | D40: 420
A41: Coriander Leaves | C41: 60
A42: Corona Extra Premium Beer | D42: 330
A43: Cosecha Cabernet Sauvignon | D43: 150
A44: Cosecha Chardonnay Sauvignon | D44: 750
A45: Cranberry Juice | D45: 3510
A46: Crush Kiwi | D46: 1980
A47: Crush Strawberry | D47: 2550
A48: Demerara Sugar | C48: 625
A49: Diet Coke | D49: 9300
A50: Edible Flowers | E50: 19
A51: Elderflower Syrup 700 Ml | D51: 990
A52: Fratelli Master Selection Sangiovese Rose | D52: 1800
A53: Fratelli Sette | B53: 1
A54: Frescobaldi Pater Sangiovese Toscana | D54: 750
A55: Geist Repeat Craft Draught Beer | D55: 10500
A56: Geist Witty Wit Craft Draught Beer 50 Ltr | D56: 12400
A57: Ginger | C57: 38
A58: Ginger Ale | D58: 6300
A59: Ginger Beer | D59: 1185
A60: Good Life Milk | D60: 11940
A61: Goodman | D61: 30
A62: Grape Crush 750ml | D62: 1290
A63: Grape Juice | D63: 2580
A64: Grapefruit | C64: 602
A65: Grenadine Syrup | D65: 100
A66: Grenadine Syrup 1 Ltr | D66: 100
A67: Grey Goose Vodka | D67: 30
A68: Hershey's Chocolate Syrup 623 Gm | D68: 280
A69: Hoegaarden Witbier | D69: 2310
A70: Ice Cube Block | F70: 68
A71: Ice Cube Regular | C71: 53140
A72: Icecream Vanilla | C72: 600
A73: Instant Bru Coffee | C73: 1136
A74: Jagermeister | D74: 90
A75: Jameson Irish Whiskey | D75: 180
A76: Jim Bem Black | D76: 60
A77: Johnnie Walker Red Label Blended Scotch Whisky | D77: 30
A78: King Fisher Premium Lager Beer | D78: 4290
A79: Kingfisher Ultra Lager Beer | D79: 7260
A80: Kinley Water | B80: 36
A81: Kiwi Fruit | C81: 392
A82: Laphroaig Single Islay Malt Scotch Whisky 10 Years Old | D82: 60
A83: Lemon Cello | D83: 840
A84: Lemon Green | C84: 82
A85: Lemon Juice | D85: 4165
A86: Les Terrasses D Ardeche Grenache Merlot | D86: 300
A87: Mango Juice | D87: 540
A88: Mango Syrup | D88: 180
A89: Maraschino Red Cherries With Stem | C89: 55
A90: Mateus Rose | B90: 4 | D90: 750
A91: Mint Leves | C91: 72
A92: Mojito Mint Syrup 700 Ml | D92: 90
A93: Noi Sparkling | D93: 16950
A94: Old Monk Very Old Vatted Special Xxx Rum | D94: 1305
A95: Orange Juice | D95: 2790
A96: Oranges Imported | C96: 8946
A97: Outback Jack Cabernet Merlot | D97: 750
A98: Pineapple Juice | D98: 1770
A99: Pineapples | C99: 1368
A100: Poul Jhon Brillans | D100: 120
A101: Rasa Cabernet Sauvignon | D101: 900
A102: Raspberry Syrup 700 Ml | D102: 1740
...

Sheet final_rm
A1: id | B1: Items | C1: Department | D1: RawMaterial | E1: Qty | F1: Unit | G1: Area | H1: qty_sold | I1: final_qty | J1: conversion_items | K1: conversion_id
A2: =_xlfn.XLOOKUP(B2,raw_m_v2!B:B,raw_m_v2!A:A) -> 1 | B2: Frittini Veg | C2: Italian 1 | D2: Pittula | E2: 120 | F2: GM | G2: All | H2: =_xlfn.XLOOKUP(A2,worklog!A:A,worklog!D:D) -> 39 | I2: =E2*H2 -> 4680 | J2: =_xlfn.XLOOKUP(D2,[2]Table0!$A:$A,[2]Table0!$A:$A) -> Pittula | K2: =_xlfn.XLOOKUP(J2,conversion_id!A:A,conversion_id!B:B) -> 1
A3: =_xlfn.XLOOKUP(B3,raw_m_v2!B:B,raw_m_v2!A:A) -> 1 | B3: Frittini Veg | C3: Italian 1 | D3: Polpetta Di Melanzane | E3: 150 | F3: GM | G3: All | H3: =_xlfn.XLOOKUP(A3,worklog!A:A,worklog!D:D) -> 39 | I3: =E3*H3 -> 5850 | J3: =_xlfn.XLOOKUP(D3,[2]Table0!$A:$A,[2]Table0!$A:$A) -> Polpetta Di Melanzane | K3: =_xlfn.XLOOKUP(J3,conversion_id!A:A,conversion_id!B:B) -> 2
A4: =_xlfn.XLOOKUP(B4,raw_m_v2!B:B,raw_m_v2!A:A) -> 1 | B4: Frittini Veg | C4: Italian 1 | D4: Zucchini Green | E4: 25 | F4: GM | G4: All | H4: =_xlfn.XLOOKUP(A4,worklog!A:A,worklog!D:D) -> 39 | I4: =E4*H4 -> 975
A5: =_xlfn.XLOOKUP(B5,raw_m_v2!B:B,raw_m_v2!A:A) -> 1 | B5: Frittini Veg | C5: Italian 1 | D5: Crema Di Cavolfiore | E5: 50 | F5: GM | G5: All | H5: =_xlfn.XLOOKUP(A5,worklog!A:A,worklog!D:D) -> 39 | I5: =E5*H5 -> 1950 | J5: =_xlfn.XLOOKUP(D5,[2]Table0!$A:$A,[2]Table0!$A:$A) -> Crema Di Cavolfiore | K5: =_xlfn.XLOOKUP(J5,conversion_id!A:A,conversion_id!B:B) -> 3
A6: =_xlfn.XLOOKUP(B6,raw_m_v2!B:B,raw_m_v2!A:A) -> 1 | B6: Frittini Veg | C6: Italian 1 | D6: Gazpacho Di Peperone | E6: 50 | F6: GM | G6: All | H6: =_xlfn.XLOOKUP(A6,worklog!A:A,worklog!D:D) -> 39 | I6: =E6*H6 -> 1950 | J6: =_xlfn.XLOOKUP(D6,[2]Table0!$A:$A,[2]Table0!$A:$A) -> Gazpacho Di Peperone | K6: =_xlfn.XLOOKUP(J6,conversion_id!A:A,conversion_id!B:B) -> 4
A7: =_xlfn.XLOOKUP(B7,raw_m_v2!B:B,raw_m_v2!A:A) -> 1 | B7: Frittini Veg | C7: Italian 1 | D7: Zucchini Yellow | E7: 25 | F7: GM | G7: All | H7: =_xlfn.XLOOKUP(A7,worklog!A:A,worklog!D:D) -> 39 | I7: =E7*H7 -> 975
A8: =_xlfn.XLOOKUP(B8,raw_m_v2!B:B,raw_m_v2!A:A) -> 1 | B8: Frittini Veg | C8: Italian 1 | D8: Eggplant | E8: 50 | F8: GM | G8: All | H8: =_xlfn.XLOOKUP(A8,worklog!A:A,worklog!D:D) -> 39 | I8: =E8*H8 -> 1950
A9: =_xlfn.XLOOKUP(B9,raw_m_v2!B:B,raw_m_v2!A:A) -> 1 | B9: Frittini Veg | C9: Italian 1 | D9: Capsicum Red | E9: 30 | F9: GM | G9: All | H9: =_xlfn.XLOOKUP(A9,worklog!A:A,worklog!D:D) -> 39 | I9: =E9*H9 -> 1170
A10: =_xlfn.XLOOKUP(B10,raw_m_v2!B:B,raw_m_v2!A:A) -> 1 | B10: Frittini Veg | C10: Italian 1 | D10: Capsicum Yellow | E10: 30 | F10: GM | G10: All | H10: =_xlfn.XLOOKUP(A10,worklog!A:A,worklog!D:D) -> 39 | I10: =E10*H10 -> 1170
A11: =_xlfn.XLOOKUP(B11,raw_m_v2!B:B,raw_m_v2!A:A) -> 1 | B11: Frittini Veg | C11: Italian 1 | D11: Rava Sooji | E11: 30 | F11: GM | G11: All | H11: =_xlfn.XLOOKUP(A11,worklog!A:A,worklog!D:D) -> 39 | I11: =E11*H11 -> 1170
A12: =_xlfn.XLOOKUP(B12,raw_m_v2!B:B,raw_m_v2!A:A) -> 1 | B12: Frittini Veg | C12: Italian 1 | D12: Table Salt | E12: 5 | F12: GM | G12: All | H12: =_xlfn.XLOOKUP(A12,worklog!A:A,worklog!D:D) -> 39 | I12: =E12*H12 -> 195
A13: =_xlfn.XLOOKUP(B13,raw_m_v2!B:B,raw_m_v2!A:A) -> 1 | B13: Frittini Veg | C13: Italian 1 | D13: 0 | E13: 0 | F13: 0 | G13: 0 | H13: =_xlfn.XLOOKUP(A13,worklog!A:A,worklog!D:D) -> 39 | I13: =E13*H13 -> 0
A14: =_xlfn.XLOOKUP(B14,raw_m_v2!B:B,raw_m_v2!A:A) -> 1 | B14: Frittini Veg | C14: Italian 1 | D14: 0 | E14: 0 | F14: 0 | G14: 0 | H14: =_xlfn.XLOOKUP(A14,worklog!A:A,worklog!D:D) -> 39 | I14: =E14*H14 -> 0
A15: =_xlfn.XLOOKUP(B15,raw_m_v2!B:B,raw_m_v2!A:A) -> 1 | B15: Frittini Veg | C15: Italian 1 | D15: 0 | E15: 0 | F15: 0 | G15: 0 | H15: =_xlfn.XLOOKUP(A15,worklog!A:A,worklog!D:D) -> 39 | I15: =E15*H15 -> 0
A16: =_xlfn.XLOOKUP(B16,raw_m_v2!B:B,raw_m_v2!A:A) -> 1 | B16: Frittini Veg | C16: Italian 1 | D16: 0 | E16: 0 | F16: 0 | G16: 0 | H16: =_xlfn.XLOOKUP(A16,worklog!A:A,worklog!D:D) -> 39 | I16: =E16*H16 -> 0
A17: =_xlfn.XLOOKUP(B17,raw_m_v2!B:B,raw_m_v2!A:A) -> 2 | B17: Frittini Non Veg | C17: Italian 1 | D17: Crocchette Di Patate | E17: 150 | F17: GM | G17: All | H17: =_xlfn.XLOOKUP(A17,worklog!A:A,worklog!D:D) -> 21 | I17: =E17*H17 -> 3150 | J17: =_xlfn.XLOOKUP(D17,[2]Table0!$A:$A,[2]Table0!$A:$A) -> Crocchette Di Patate | K17: =_xlfn.XLOOKUP(J17,conversion_id!A:A,conversion_id!B:B) -> 5
A18: =_xlfn.XLOOKUP(B18,raw_m_v2!B:B,raw_m_v2!A:A) -> 2 | B18: Frittini Non Veg | C18: Italian 1 | D18: Arancino | E18: 150 | F18: GM | G18: All | H18: =_xlfn.XLOOKUP(A18,worklog!A:A,worklog!D:D) -> 21 | I18: =E18*H18 -> 3150 | J18: =_xlfn.XLOOKUP(D18,[2]Table0!$A:$A,[2]Table0!$A:$A) -> Arancino | K18: =_xlfn.XLOOKUP(J18,conversion_id!A:A,conversion_id!B:B) -> 6
A19: =_xlfn.XLOOKUP(B19,raw_m_v2!B:B,raw_m_v2!A:A) -> 2 | B19: Frittini Non Veg | C19: Italian 1 | D19: Polpette Di Manzo | E19: 150 | F19: GM | G19: All | H19: =_xlfn.XLOOKUP(A19,worklog!A:A,worklog!D:D) -> 21 | I19: =E19*H19 -> 3150 | J19: =_xlfn.XLOOKUP(D19,[2]Table0!$A:$A,[2]Table0!$A:$A) -> Polpette Di Manzo | K19: =_xlfn.XLOOKUP(J19,conversion_id!A:A,conversion_id!B:B) -> 7
A20: =_xlfn.XLOOKUP(B20,raw_m_v2!B:B,raw_m_v2!A:A) -> 2 | B20: Frittini Non Veg | C20: Italian 1 | D20: Gazpacho Di Peperone | E20: 50 | F20: GM | G20: All | H20: =_xlfn.XLOOKUP(A20,worklog!A:A,worklog!D:D) -> 21 | I20: =E20*H20 -> 1050 | J20: =_xlfn.XLOOKUP(D20,[2]Table0!$A:$A,[2]Table0!$A:$A) -> Gazpacho Di Peperone | K20: =_xlfn.XLOOKUP(J20,conversion_id!A:A,conversion_id!B:B) -> 4
A21: =_xlfn.XLOOKUP(B21,raw_m_v2!B:B,raw_m_v2!A:A) -> 2 | B21: Frittini Non Veg | C21: Italian 1 | D21: Crema Di Cavolfiore | E21: 50 | F21: GM | G21: All | H21: =_xlfn.XLOOKUP(A21,worklog!A:A,worklog!D:D) -> 21 | I21: =E21*H21 -> 1050 | J21: =_xlfn.XLOOKUP(D21,[2]Table0!$A:$A,[2]Table0!$A:$A) -> Crema Di Cavolfiore | K21: =_xlfn.XLOOKUP(J21,conversion_id!A:A,conversion_id!B:B) -> 3
A22: =_xlfn.XLOOKUP(B22,raw_m_v2!B:B,raw_m_v2!A:A) -> 2 | B22: Frittini Non Veg | C22: Italian 1 | D22: Potato Btr | E22: 50 | F22: GM | G22: All | H22: =_xlfn.XLOOKUP(A22,worklog!A:A,worklog!D:D) -> 21 | I22: =E22*H22 -> 1050
A23: =_xlfn.XLOOKUP(B23,raw_m_v2!B:B,raw_m_v2!A:A) -> 2 | B23: Frittini Non Veg | C23: Italian 1 | D23: 0 | E23: 0 | F23: 0 | G23: 0 | H23: =_xlfn.XLOOKUP(A23,worklog!A:A,worklog!D:D) -> 21 | I23: =E23*H23 -> 0
A24: =_xlfn.XLOOKUP(B24,raw_m_v2!B:B,raw_m_v2!A:A) -> 2 | B24: Frittini Non Veg | C24: Italian 1 | D24: 0 | E24: 0 | F24: 0 | G24: 0 | H24: =_xlfn.XLOOKUP(A24,worklog!A:A,worklog!D:D) -> 21 | I24: =E24*H24 -> 0
A25: =_xlfn.XLOOKUP(B25,raw_m_v2!B:B,raw_m_v2!A:A) -> 2 | B25: Frittini Non Veg | C25: Italian 1 | D25: 0 | E25: 0 | F25: 0 | G25: 0 | H25: =_xlfn.XLOOKUP(A25,worklog!A:A,worklog!D:D) -> 21 | I25: =E25*H25 -> 0
A26: =_xlfn.XLOOKUP(B26,raw_m_v2!B:B,raw_m_v2!A:A) -> 2 | B26: Frittini Non Veg | C26: Italian 1 | D26: 0 | E26: 0 | F26: 0 | G26: 0 | H26: =_xlfn.XLOOKUP(A26,worklog!A:A,worklog!D:D) -> 21 | I26: =E26*H26 -> 0
A27: =_xlfn.XLOOKUP(B27,raw_m_v2!B:B,raw_m_v2!A:A) -> 2 | B27: Frittini Non Veg | C27: Italian 1 | D27: 0 | E27: 0 | F27: 0 | G27: 0 | H27: =_xlfn.XLOOKUP(A27,worklog!A:A,worklog!D:D) -> 21 | I27: =E27*H27 -> 0
A28: =_xlfn.XLOOKUP(B28,raw_m_v2!B:B,raw_m_v2!A:A) -> 2 | B28: Frittini Non Veg | C28: Italian 1 | D28: 0 | E28: 0 | F28: 0 | G28: 0 | H28: =_xlfn.XLOOKUP(A28,worklog!A:A,worklog!D:D) -> 21 | I28: =E28*H28 -> 0
A29: =_xlfn.XLOOKUP(B29,raw_m_v2!B:B,raw_m_v2!A:A) -> 2 | B29: Frittini Non Veg | C29: Italian 1 | D29: 0 | E29: 0 | F29: 0 | G29: 0 | H29: =_xlfn.XLOOKUP(A29,worklog!A:A,worklog!D:D) -> 21 | I29: =E29*H29 -> 0
A30: =_xlfn.XLOOKUP(B30,raw_m_v2!B:B,raw_m_v2!A:A) -> 2 | B30: Frittini Non Veg | C30: Italian 1 | D30: 0 | E30: 0 | F30: 0 | G30: 0 | H30: =_xlfn.XLOOKUP(A30,worklog!A:A,worklog!D:D) -> 21 | I30: =E30*H30 -> 0
A31: =_xlfn.XLOOKUP(B31,raw_m_v2!B:B,raw_m_v2!A:A) -> 2 | B31: Frittini Non Veg | C31: Italian 1 | D31: 0 | E31: 0 | F31: 0 | G31: 0 | H31: =_xlfn.XLOOKUP(A31,worklog!A:A,worklog!D:D) -> 21 | I31: =E31*H31 -> 0
A32: =_xlfn.XLOOKUP(B32,raw_m_v2!B:B,raw_m_v2!A:A) -> 3 | B32: Tagliere Di Formaggi | C32: Italian 1 | D32: Grana Padano | E32: 30 | F32: GM | G32: All | H32: =_xlfn.XLOOKUP(A32,worklog!A:A,worklog!D:D) -> 20 | I32: =E32*H32 -> 600
A33: =_xlfn.XLOOKUP(B33,raw_m_v2!B:B,raw_m_v2!A:A) -> 3 | B33: Tagliere Di Formaggi | C33: Italian 1 | D33: Provolone Dolce | E33: 30 | F33: GM | G33: All | H33: =_xlfn.XLOOKUP(A33,worklog!A:A,worklog!D:D) -> 20 | I33: =E33*H33 -> 600
A34: =_xlfn.XLOOKUP(B34,raw_m_v2!B:B,raw_m_v2!A:A) -> 3 | B34: Tagliere Di Formaggi | C34: Italian 1 | D34: Marmellata Di Cipolla | E34: 40 | F34: GM | G34: All | H34: =_xlfn.XLOOKUP(A34,worklog!A:A,worklog!D:D) -> 20 | I34: =E34*H34 -> 800 | J34: =_xlfn.XLOOKUP(D34,[2]Table0!$A:$A,[2]Table0!$A:$A) -> Marmellata Di Cipolla | K34: =_xlfn.XLOOKUP(J34,conversion_id!A:A,conversion_id!B:B) -> 8
A35: =_xlfn.XLOOKUP(B35,raw_m_v2!B:B,raw_m_v2!A:A) -> 3 | B35: Tagliere Di Formaggi | C35: Italian 1 | D35: Big Burrata | E35: 125 | F35: GM | G35: All | H35: =_xlfn.XLOOKUP(A35,worklog!A:A,worklog!D:D) -> 20 | I35: =E35*H35 -> 2500
A36: =_xlfn.XLOOKUP(B36,raw_m_v2!B:B,raw_m_v2!A:A) -> 3 | B36: Tagliere Di Formaggi | C36: Italian 1 | D36: Olive Green Pitted | E36: 10 | F36: GM | G36: All | H36: =_xlfn.XLOOKUP(A36,worklog!A:A,worklog!D:D) -> 20 | I36: =E36*H36 -> 200
A37: =_xlfn.XLOOKUP(B37,raw_m_v2!B:B,raw_m_v2!A:A) -> 3 | B37: Tagliere Di Formaggi | C37: Italian 1 | D37: Black Olives Sliced | E37: 10 | F37: GM | G37: All | H37: =_xlfn.XLOOKUP(A37,worklog!A:A,worklog!D:D) -> 20 | I37: =E37*H37 -> 200
A38: =_xlfn.XLOOKUP(B38,raw_m_v2!B:B,raw_m_v2!A:A) -> 3 | B38: Tagliere Di Formaggi | C38: Italian 1 | D38: Kalamata Pitted Olives 3.6 Kg | E38: 10 | F38: GM | G38: All | H38: =_xlfn.XLOOKUP(A38,worklog!A:A,worklog!D:D) -> 20 | I38: =E38*H38 -> 200
A39: =_xlfn.XLOOKUP(B39,raw_m_v2!B:B,raw_m_v2!A:A) -> 3 | B39: Tagliere Di Formaggi | C39: Italian 1 | D39: Rocket Lettuce | E39: 10 | F39: GM | G39: All | H39: =_xlfn.XLOOKUP(A39,worklog!A:A,worklog!D:D) -> 20 | I39: =E39*H39 -> 200
A40: =_xlfn.XLOOKUP(B40,raw_m_v2!B:B,raw_m_v2!A:A) -> 3 | B40: Tagliere Di Formaggi | C40: Italian 1 | D40: Tomato Cherry | E40: 10 | F40: GM | G40: All | H40: =_xlfn.XLOOKUP(A40,worklog!A:A,worklog!D:D) -> 20 | I40: =E40*H40 -> 200
A41: =_xlfn.XLOOKUP(B41,raw_m_v2!B:B,raw_m_v2!A:A) -> 3 | B41: Tagliere Di Formaggi | C41: Italian 1 | D41: Smoked Scamorza | E41: 30 | F41: GM | G41: All | H41: =_xlfn.XLOOKUP(A41,worklog!A:A,worklog!D:D) -> 20 | I41: =E41*H41 -> 600
A42: =_xlfn.XLOOKUP(B42,raw_m_v2!B:B,raw_m_v2!A:A) -> 3 | B42: Tagliere Di Formaggi | C42: Italian 1 | D42: Grissini | E42: 30 | F42: GM | G42: All | H42: =_xlfn.XLOOKUP(A42,worklog!A:A,worklog!D:D) -> 20 | I42: =E42*H42 -> 600 | J42: =_xlfn.XLOOKUP(D42,[2]Table0!$A:$A,[2]Table0!$A:$A) -> Grissini | K42: =_xlfn.XLOOKUP(J42,conversion_id!A:A,conversion_id!B:B) -> 9
A43: =_xlfn.XLOOKUP(B43,raw_m_v2!B:B,raw_m_v2!A:A) -> 3 | B43: Tagliere Di Formaggi | C43: Italian 1 | D43: 0 | E43: 0 | F43: 0 | G43: 0 | H43: =_xlfn.XLOOKUP(A43,worklog!A:A,worklog!D:D) -> 20 | I43: =E43*H43 -> 0
A44: =_xlfn.XLOOKUP(B44,raw_m_v2!B:B,raw_m_v2!A:A) -> 3 | B44: Tagliere Di Formaggi | C44: Italian 1 | D44: 0 | E44: 0 | F44: 0 | G44: 0 | H44: =_xlfn.XLOOKUP(A44,worklog!A:A,worklog!D:D) -> 20 | I44: =E44*H44 -> 0
A45: =_xlfn.XLOOKUP(B45,raw_m_v2!B:B,raw_m_v2!A:A) -> 3 | B45: Tagliere Di Formaggi | C45: Italian 1 | D45: 0 | E45: 0 | F45: 0 | G45: 0 | H45: =_xlfn.XLOOKUP(A45,worklog!A:A,worklog!D:D) -> 20 | I45: =E45*H45 -> 0
A46: =_xlfn.XLOOKUP(B46,raw_m_v2!B:B,raw_m_v2!A:A) -> 3 | B46: Tagliere Di Formaggi | C46: Italian 1 | D46: 0 | E46: 0 | F46: 0 | G46: 0 | H46: =_xlfn.XLOOKUP(A46,worklog!A:A,worklog!D:D) -> 20 | I46: =E46*H46 -> 0
A47: =_xlfn.XLOOKUP(B47,raw_m_v2!B:B,raw_m_v2!A:A) -> 4 | B47: Tagliere Di Salumi | C47: Italian 1 | D47: Cooked Ham | E47: 30 | F47: GM | G47: All | H47: =_xlfn.XLOOKUP(A47,worklog!A:A,worklog!D:D) -> 34 | I47: =E47*H47 -> 1020
A48: =_xlfn.XLOOKUP(B48,raw_m_v2!B:B,raw_m_v2!A:A) -> 4 | B48: Tagliere Di Salumi | C48: Italian 1 | D48: Coppa | E48: 30 | F48: GM | G48: All | H48: =_xlfn.XLOOKUP(A48,worklog!A:A,worklog!D:D) -> 34 | I48: =E48*H48 -> 1020
A49: =_xlfn.XLOOKUP(B49,raw_m_v2!B:B,raw_m_v2!A:A) -> 4 | B49: Tagliere Di Salumi | C49: Italian 1 | D49: Mortadella Bologna | E49: 30 | F49: GM | G49: All | H49: =_xlfn.XLOOKUP(A49,worklog!A:A,worklog!D:D) -> 34 | I49: =E49*H49 -> 1020
A50: =_xlfn.XLOOKUP(B50,raw_m_v2!B:B,raw_m_v2!A:A) -> 4 | B50: Tagliere Di Salumi | C50: Italian 1 | D50: Spianata Calabrese | E50: 30 | F50: GM | G50: All | H50: =_xlfn.XLOOKUP(A50,worklog!A:A,worklog!D:D) -> 34 | I50: =E50*H50 -> 1020
A51: =_xlfn.XLOOKUP(B51,raw_m_v2!B:B,raw_m_v2!A:A) -> 4 | B51: Tagliere Di Salumi | C51: Italian 1 | D51: Salami Milano | E51: 30 | F51: GM | G51: All | H51: =_xlfn.XLOOKUP(A51,worklog!A:A,worklog!D:D) -> 34 | I51: =E51*H51 -> 1020
A52: =_xlfn.XLOOKUP(B52,raw_m_v2!B:B,raw_m_v2!A:A) -> 4 | B52: Tagliere Di Salumi | C52: Italian 1 | D52: Black Olives Sliced | E52: 10 | F52: GM | G52: All | H52: =_xlfn.XLOOKUP(A52,worklog!A:A,worklog!D:D) -> 34 | I52: =E52*H52 -> 340
A53: =_xlfn.XLOOKUP(B53,raw_m_v2!B:B,raw_m_v2!A:A) -> 4 | B53: Tagliere Di Salumi | C53: Italian 1 | D53: Olive Green Pitted | E53: 10 | F53: GM | G53: All | H53: =_xlfn.XLOOKUP(A53,worklog!A:A,worklog!D:D) -> 34 | I53: =E53*H53 -> 340
A54: =_xlfn.XLOOKUP(B54,raw_m_v2!B:B,raw_m_v2!A:A) -> 4 | B54: Tagliere Di Salumi | C54: Italian 1 | D54: Grissini | E54: 30 | F54: GM | G54: All | H54: =_xlfn.XLOOKUP(A54,worklog!A:A,worklog!D:D) -> 34 | I54: =E54*H54 -> 1020 | J54: =_xlfn.XLOOKUP(D54,[2]Table0!$A:$A,[2]Table0!$A:$A) -> Grissini | K54: =_xlfn.XLOOKUP(J54,conversion_id!A:A,conversion_id!B:B) -> 9
A55: =_xlfn.XLOOKUP(B55,raw_m_v2!B:B,raw_m_v2!A:A) -> 4 | B55: Tagliere Di Salumi | C55: Italian 1 | D55: Prosciutto Crudo Parma | E55: 30 | F55: GM | G55: All | H55: =_xlfn.XLOOKUP(A55,worklog!A:A,worklog!D:D) -> 34 | I55: =E55*H55 -> 1020
A56: =_xlfn.XLOOKUP(B56,raw_m_v2!B:B,raw_m_v2!A:A) -> 4 | B56: Tagliere Di Salumi | C56: Italian 1 | D56: Marmellata Di Cipolla | E56: 40 | F56: GM | G56: All | H56: =_xlfn.XLOOKUP(A56,worklog!A:A,worklog!D:D) -> 34 | I56: =E56*H56 -> 1360 | J56: =_xlfn.XLOOKUP(D56,[2]Table0!$A:$A,[2]Table0!$A:$A) -> Marmellata Di Cipolla | K56: =_xlfn.XLOOKUP(J56,conversion_id!A:A,conversion_id!B:B) -> 8
A57: =_xlfn.XLOOKUP(B57,raw_m_v2!B:B,raw_m_v2!A:A) -> 4 | B57: Tagliere Di Salumi | C57: Italian 1 | D57: Kalamata Pitted Olives 3.6 Kg | E57: 10 | F57: GM | G57: All | H57: =_xlfn.XLOOKUP(A57,worklog!A:A,worklog!D:D) -> 34 | I57: =E57*H57 -> 340
A58: =_xlfn.XLOOKUP(B58,raw_m_v2!B:B,raw_m_v2!A:A) -> 4 | B58: Tagliere Di Salumi | C58: Italian 1 | D58: 0 | E58: 0 | F58: 0 | G58: 0 | H58: =_xlfn.XLOOKUP(A58,worklog!A:A,worklog!D:D) -> 34 | I58: =E58*H58 -> 0
A59: =_xlfn.XLOOKUP(B59,raw_m_v2!B:B,raw_m_v2!A:A) -> 4 | B59: Tagliere Di Salumi | C59: Italian 1 | D59: 0 | E59: 0 | F59: 0 | G59: 0 | H59: =_xlfn.XLOOKUP(A59,worklog!A:A,worklog!D:D) -> 34 | I59: =E59*H59 -> 0
A60: =_xlfn.XLOOKUP(B60,raw_m_v2!B:B,raw_m_v2!A:A) -> 4 | B60: Tagliere Di Salumi | C60: Italian 1 | D60: 0 | E60: 0 | F60: 0 | G60: 0 | H60: =_xlfn.XLOOKUP(A60,worklog!A:A,worklog!D:D) -> 34 | I60: =E60*H60 -> 0
